customer_id,country
CUST000001,CA
CUST000002,UK
CUST000003,AU
CUST000004,IN
CUST000005,US
CUST000006,CA
CUST000007,UK
CUST000008,AU
CUST000009,IN
CUST000010,US
CUST000011,CA
CUST000012,UK
CUST000013,AU
CUST000014,IN
CUST000015,US
CUST000016,CA
CUST000017,UK
CUST000018,AU
CUST000019,IN
CUST000020,US
CUST000021,CA
CUST000022,UK
CUST000023,AU
CUST000024,IN
CUST000025,US
CUST000026,CA
CUST000027,UK
CUST000028,AU
CUST000029,IN
CUST000030,US
CUST000031,CA
CUST000032,UK
CUST000033,AU
CUST000034,IN
CUST000035,US
CUST000036,CA
CUST000037,UK
CUST000038,AU
CUST000039,IN
CUST000040,US
CUST000041,CA
CUST000042,UK
CUST000043,AU
CUST000044,IN
CUST000045,US
CUST000046,CA
CUST000047,UK
CUST000048,AU
CUST000049,IN
CUST000050,US
CUST000051,CA
CUST000052,UK
CUST000053,AU
CUST000054,IN
CUST000055,US
CUST000056,CA
CUST000057,UK
CUST000058,AU
CUST000059,IN
CUST000060,US
CUST000061,CA
CUST000062,UK
CUST000063,AU
CUST000064,IN
CUST000065,US
CUST000066,CA
CUST000067,UK
CUST000068,AU
CUST000069,IN
CUST000070,US
CUST000071,CA
CUST000072,UK
CUST000073,AU
CUST000074,IN
CUST000075,US
CUST000076,CA
CUST000077,UK
CUST000078,AU
CUST000079,IN
CUST000080,US
CUST000081,CA
CUST000082,UK
CUST000083,AU
CUST000084,IN
CUST000085,US
CUST000086,CA
CUST000087,UK
CUST000088,AU
CUST000089,IN
CUST000090,US
CUST000091,CA
CUST000092,UK
CUST000093,AU
CUST000094,IN
CUST000095,US
CUST000096,CA
CUST000097,UK
CUST000098,AU
CUST000099,IN
CUST000100,US
CUST000101,CA
CUST000102,UK
CUST000103,AU
CUST000104,IN
CUST000105,US
CUST000106,CA
CUST000107,UK
CUST000108,AU
CUST000109,IN
CUST000110,US
CUST000111,CA
CUST000112,UK
CUST000113,AU
CUST000114,IN
CUST000115,US
CUST000116,CA
CUST000117,UK
CUST000118,AU
CUST000119,IN
CUST000120,US
CUST000121,CA
CUST000122,UK
CUST000123,AU
CUST000124,IN
CUST000125,US
CUST000126,CA
CUST000127,UK
CUST000128,AU
CUST000129,IN
CUST000130,US
CUST000131,CA
CUST000132,UK
CUST000133,AU
CUST000134,IN
CUST000135,US
CUST000136,CA
CUST000137,UK
CUST000138,AU
CUST000139,IN
CUST000140,US
CUST000141,CA
CUST000142,UK
CUST000143,AU
CUST000144,IN
CUST000145,US
CUST000146,CA
CUST000147,UK
CUST000148,AU
CUST000149,IN
CUST000150,US
CUST000151,CA
CUST000152,UK
CUST000153,AU
CUST000154,IN
CUST000155,US
CUST000156,CA
CUST000157,UK
CUST000158,AU
CUST000159,IN
CUST000160,US
CUST000161,CA
CUST000162,UK
CUST000163,AU
CUST000164,IN
CUST000165,US
CUST000166,CA
CUST000167,UK
CUST000168,AU
CUST000169,IN
CUST000170,US
CUST000171,CA
CUST000172,UK
CUST000173,AU
CUST000174,IN
CUST000175,US
CUST000176,CA
CUST000177,UK
CUST000178,AU
CUST000179,IN
CUST000180,US
CUST000181,CA
CUST000182,UK
CUST000183,AU
CUST000184,IN
CUST000185,US
CUST000186,CA
CUST000187,UK
CUST000188,AU
CUST000189,IN
CUST000190,US
CUST000191,CA
CUST000192,UK
CUST000193,AU
CUST000194,IN
CUST000195,US
CUST000196,CA
CUST000197,UK
CUST000198,AU
CUST000199,IN
CUST000200,US
CUST000201,CA
CUST000202,UK
CUST000203,AU
CUST000204,IN
CUST000205,US
CUST000206,CA
CUST000207,UK
CUST000208,AU
CUST000209,IN
CUST000210,US
CUST000211,CA
CUST000212,UK
CUST000213,AU
CUST000214,IN
CUST000215,US
CUST000216,CA
CUST000217,UK
CUST000218,AU
CUST000219,IN
CUST000220,US
CUST000221,CA
CUST000222,UK
CUST000223,AU
CUST000224,IN
CUST000225,US
CUST000226,CA
CUST000227,UK
CUST000228,AU
CUST000229,IN
CUST000230,US
CUST000231,CA
CUST000232,UK
CUST000233,AU
CUST000234,IN
CUST000235,US
CUST000236,CA
CUST000237,UK
CUST000238,AU
CUST000239,IN
CUST000240,US
CUST000241,CA
CUST000242,UK
CUST000243,AU
CUST000244,IN
CUST000245,US
CUST000246,CA
CUST000247,UK
CUST000248,AU
CUST000249,IN
CUST000250,US
CUST000251,CA
CUST000252,UK
CUST000253,AU
CUST000254,IN
CUST000255,US
CUST000256,CA
CUST000257,UK
CUST000258,AU
CUST000259,IN
CUST000260,US
CUST000261,CA
CUST000262,UK
CUST000263,AU
CUST000264,IN
CUST000265,US
CUST000266,CA
CUST000267,UK
CUST000268,AU
CUST000269,IN
CUST000270,US
CUST000271,CA
CUST000272,UK
CUST000273,AU
CUST000274,IN
CUST000275,US
CUST000276,CA
CUST000277,UK
CUST000278,AU
CUST000279,IN
CUST000280,US
CUST000281,CA
CUST000282,UK
CUST000283,AU
CUST000284,IN
CUST000285,US
CUST000286,CA
CUST000287,UK
CUST000288,AU
CUST000289,IN
CUST000290,US
CUST000291,CA
CUST000292,UK
CUST000293,AU
CUST000294,IN
CUST000295,US
CUST000296,CA
CUST000297,UK
CUST000298,AU
CUST000299,IN
CUST000300,US
CUST000301,CA
CUST000302,UK
CUST000303,AU
CUST000304,IN
CUST000305,US
CUST000306,CA
CUST000307,UK
CUST000308,AU
CUST000309,IN
CUST000310,US
CUST000311,CA
CUST000312,UK
CUST000313,AU
CUST000314,IN
CUST000315,US
CUST000316,CA
CUST000317,UK
CUST000318,AU
CUST000319,IN
CUST000320,US
CUST000321,CA
CUST000322,UK
CUST000323,AU
CUST000324,IN
CUST000325,US
CUST000326,CA
CUST000327,UK
CUST000328,AU
CUST000329,IN
CUST000330,US
CUST000331,CA
CUST000332,UK
CUST000333,AU
CUST000334,IN
CUST000335,US
CUST000336,CA
CUST000337,UK
CUST000338,AU
CUST000339,IN
CUST000340,US
CUST000341,CA
CUST000342,UK
CUST000343,AU
CUST000344,IN
CUST000345,US
CUST000346,CA
CUST000347,UK
CUST000348,AU
CUST000349,IN
CUST000350,US
CUST000351,CA
CUST000352,UK
CUST000353,AU
CUST000354,IN
CUST000355,US
CUST000356,CA
CUST000357,UK
CUST000358,AU
CUST000359,IN
CUST000360,US
CUST000361,CA
CUST000362,UK
CUST000363,AU
CUST000364,IN
CUST000365,US
CUST000366,CA
CUST000367,UK
CUST000368,AU
CUST000369,IN
CUST000370,US
CUST000371,CA
CUST000372,UK
CUST000373,AU
CUST000374,IN
CUST000375,US
CUST000376,CA
CUST000377,UK
CUST000378,AU
CUST000379,IN
CUST000380,US
CUST000381,CA
CUST000382,UK
CUST000383,AU
CUST000384,IN
CUST000385,US
CUST000386,CA
CUST000387,UK
CUST000388,AU
CUST000389,IN
CUST000390,US
CUST000391,CA
CUST000392,UK
CUST000393,AU
CUST000394,IN
CUST000395,US
CUST000396,CA
CUST000397,UK
CUST000398,AU
CUST000399,IN
CUST000400,US
CUST000401,CA
CUST000402,UK
CUST000403,AU
CUST000404,IN
CUST000405,US
CUST000406,CA
CUST000407,UK
CUST000408,AU
CUST000409,IN
CUST000410,US
CUST000411,CA
CUST000412,UK
CUST000413,AU
CUST000414,IN
CUST000415,US
CUST000416,CA
CUST000417,UK
CUST000418,AU
CUST000419,IN
CUST000420,US
CUST000421,CA
CUST000422,UK
CUST000423,AU
CUST000424,IN
CUST000425,US
CUST000426,CA
CUST000427,UK
CUST000428,AU
CUST000429,IN
CUST000430,US
CUST000431,CA
CUST000432,UK
CUST000433,AU
CUST000434,IN
CUST000435,US
CUST000436,CA
CUST000437,UK
CUST000438,AU
CUST000439,IN
CUST000440,US
CUST000441,CA
CUST000442,UK
CUST000443,AU
CUST000444,IN
CUST000445,US
CUST000446,CA
CUST000447,UK
CUST000448,AU
CUST000449,IN
CUST000450,US
CUST000451,CA
CUST000452,UK
CUST000453,AU
CUST000454,IN
CUST000455,US
CUST000456,CA
CUST000457,UK
CUST000458,AU
CUST000459,IN
CUST000460,US
CUST000461,CA
CUST000462,UK
CUST000463,AU
CUST000464,IN
CUST000465,US
CUST000466,CA
CUST000467,UK
CUST000468,AU
CUST000469,IN
CUST000470,US
CUST000471,CA
CUST000472,UK
CUST000473,AU
CUST000474,IN
CUST000475,US
CUST000476,CA
CUST000477,UK
CUST000478,AU
CUST000479,IN
CUST000480,US
CUST000481,CA
CUST000482,UK
CUST000483,AU
CUST000484,IN
CUST000485,US
CUST000486,CA
CUST000487,UK
CUST000488,AU
CUST000489,IN
CUST000490,US
CUST000491,CA
CUST000492,UK
CUST000493,AU
CUST000494,IN
CUST000495,US
CUST000496,CA
CUST000497,UK
CUST000498,AU
CUST000499,IN
CUST000500,US
CUST000501,CA
CUST000502,UK
CUST000503,AU
CUST000504,IN
CUST000505,US
CUST000506,CA
CUST000507,UK
CUST000508,AU
CUST000509,IN
CUST000510,US
CUST000511,CA
CUST000512,UK
CUST000513,AU
CUST000514,IN
CUST000515,US
CUST000516,CA
CUST000517,UK
CUST000518,AU
CUST000519,IN
CUST000520,US
CUST000521,CA
CUST000522,UK
CUST000523,AU
CUST000524,IN
CUST000525,US
CUST000526,CA
CUST000527,UK
CUST000528,AU
CUST000529,IN
CUST000530,US
CUST000531,CA
CUST000532,UK
CUST000533,AU
CUST000534,IN
CUST000535,US
CUST000536,CA
CUST000537,UK
CUST000538,AU
CUST000539,IN
CUST000540,US
CUST000541,CA
CUST000542,UK
CUST000543,AU
CUST000544,IN
CUST000545,US
CUST000546,CA
CUST000547,UK
CUST000548,AU
CUST000549,IN
CUST000550,US
CUST000551,CA
CUST000552,UK
CUST000553,AU
CUST000554,IN
CUST000555,US
CUST000556,CA
CUST000557,UK
CUST000558,AU
CUST000559,IN
CUST000560,US
CUST000561,CA
CUST000562,UK
CUST000563,AU
CUST000564,IN
CUST000565,US
CUST000566,CA
CUST000567,UK
CUST000568,AU
CUST000569,IN
CUST000570,US
CUST000571,CA
CUST000572,UK
CUST000573,AU
CUST000574,IN
CUST000575,US
CUST000576,CA
CUST000577,UK
CUST000578,AU
CUST000579,IN
CUST000580,US
CUST000581,CA
CUST000582,UK
CUST000583,AU
CUST000584,IN
CUST000585,US
CUST000586,CA
CUST000587,UK
CUST000588,AU
CUST000589,IN
CUST000590,US
CUST000591,CA
CUST000592,UK
CUST000593,AU
CUST000594,IN
CUST000595,US
CUST000596,CA
CUST000597,UK
CUST000598,AU
CUST000599,IN
CUST000600,US
CUST000601,CA
CUST000602,UK
CUST000603,AU
CUST000604,IN
CUST000605,US
CUST000606,CA
CUST000607,UK
CUST000608,AU
CUST000609,IN
CUST000610,US
CUST000611,CA
CUST000612,UK
CUST000613,AU
CUST000614,IN
CUST000615,US
CUST000616,CA
CUST000617,UK
CUST000618,AU
CUST000619,IN
CUST000620,US
CUST000621,CA
CUST000622,UK
CUST000623,AU
CUST000624,IN
CUST000625,US
CUST000626,CA
CUST000627,UK
CUST000628,AU
CUST000629,IN
CUST000630,US
CUST000631,CA
CUST000632,UK
CUST000633,AU
CUST000634,IN
CUST000635,US
CUST000636,CA
CUST000637,UK
CUST000638,AU
CUST000639,IN
CUST000640,US
CUST000641,CA
CUST000642,UK
CUST000643,AU
CUST000644,IN
CUST000645,US
CUST000646,CA
CUST000647,UK
CUST000648,AU
CUST000649,IN
CUST000650,US
CUST000651,CA
CUST000652,UK
CUST000653,AU
CUST000654,IN
CUST000655,US
CUST000656,CA
CUST000657,UK
CUST000658,AU
CUST000659,IN
CUST000660,US
CUST000661,CA
CUST000662,UK
CUST000663,AU
CUST000664,IN
CUST000665,US
CUST000666,CA
CUST000667,UK
CUST000668,AU
CUST000669,IN
CUST000670,US
CUST000671,CA
CUST000672,UK
CUST000673,AU
CUST000674,IN
CUST000675,US
CUST000676,CA
CUST000677,UK
CUST000678,AU
CUST000679,IN
CUST000680,US
CUST000681,CA
CUST000682,UK
CUST000683,AU
CUST000684,IN
CUST000685,US
CUST000686,CA
CUST000687,UK
CUST000688,AU
CUST000689,IN
CUST000690,US
CUST000691,CA
CUST000692,UK
CUST000693,AU
CUST000694,IN
CUST000695,US
CUST000696,CA
CUST000697,UK
CUST000698,AU
CUST000699,IN
CUST000700,US
CUST000701,CA
CUST000702,UK
CUST000703,AU
CUST000704,IN
CUST000705,US
CUST000706,CA
CUST000707,UK
CUST000708,AU
CUST000709,IN
CUST000710,US
CUST000711,CA
CUST000712,UK
CUST000713,AU
CUST000714,IN
CUST000715,US
CUST000716,CA
CUST000717,UK
CUST000718,AU
CUST000719,IN
CUST000720,US
CUST000721,CA
CUST000722,UK
CUST000723,AU
CUST000724,IN
CUST000725,US
CUST000726,CA
CUST000727,UK
CUST000728,AU
CUST000729,IN
CUST000730,US
CUST000731,CA
CUST000732,UK
CUST000733,AU
CUST000734,IN
CUST000735,US
CUST000736,CA
CUST000737,UK
CUST000738,AU
CUST000739,IN
CUST000740,US
CUST000741,CA
CUST000742,UK
CUST000743,AU
CUST000744,IN
CUST000745,US
CUST000746,CA
CUST000747,UK
CUST000748,AU
CUST000749,IN
CUST000750,US
CUST000751,CA
CUST000752,UK
CUST000753,AU
CUST000754,IN
CUST000755,US
CUST000756,CA
CUST000757,UK
CUST000758,AU
CUST000759,IN
CUST000760,US
CUST000761,CA
CUST000762,UK
CUST000763,AU
CUST000764,IN
CUST000765,US
CUST000766,CA
CUST000767,UK
CUST000768,AU
CUST000769,IN
CUST000770,US
CUST000771,CA
CUST000772,UK
CUST000773,AU
CUST000774,IN
CUST000775,US
CUST000776,CA
CUST000777,UK
CUST000778,AU
CUST000779,IN
CUST000780,US
CUST000781,CA
CUST000782,UK
CUST000783,AU
CUST000784,IN
CUST000785,US
CUST000786,CA
CUST000787,UK
CUST000788,AU
CUST000789,IN
CUST000790,US
CUST000791,CA
CUST000792,UK
CUST000793,AU
CUST000794,IN
CUST000795,US
CUST000796,CA
CUST000797,UK
CUST000798,AU
CUST000799,IN
CUST000800,US
CUST000801,CA
CUST000802,UK
CUST000803,AU
CUST000804,IN
CUST000805,US
CUST000806,CA
CUST000807,UK
CUST000808,AU
CUST000809,IN
CUST000810,US
CUST000811,CA
CUST000812,UK
CUST000813,AU
CUST000814,IN
CUST000815,US
CUST000816,CA
CUST000817,UK
CUST000818,AU
CUST000819,IN
CUST000820,US
CUST000821,CA
CUST000822,UK
CUST000823,AU
CUST000824,IN
CUST000825,US
CUST000826,CA
CUST000827,UK
CUST000828,AU
CUST000829,IN
CUST000830,US
CUST000831,CA
CUST000832,UK
CUST000833,AU
CUST000834,IN
CUST000835,US
CUST000836,CA
CUST000837,UK
CUST000838,AU
CUST000839,IN
CUST000840,US
CUST000841,CA
CUST000842,UK
CUST000843,AU
CUST000844,IN
CUST000845,US
CUST000846,CA
CUST000847,UK
CUST000848,AU
CUST000849,IN
CUST000850,US
CUST000851,CA
CUST000852,UK
CUST000853,AU
CUST000854,IN
CUST000855,US
CUST000856,CA
CUST000857,UK
CUST000858,AU
CUST000859,IN
CUST000860,US
CUST000861,CA
CUST000862,UK
CUST000863,AU
CUST000864,IN
CUST000865,US
CUST000866,CA
CUST000867,UK
CUST000868,AU
CUST000869,IN
CUST000870,US
CUST000871,CA
CUST000872,UK
CUST000873,AU
CUST000874,IN
CUST000875,US
CUST000876,CA
CUST000877,UK
CUST000878,AU
CUST000879,IN
CUST000880,US
CUST000881,CA
CUST000882,UK
CUST000883,AU
CUST000884,IN
CUST000885,US
CUST000886,CA
CUST000887,UK
CUST000888,AU
CUST000889,IN
CUST000890,US
CUST000891,CA
CUST000892,UK
CUST000893,AU
CUST000894,IN
CUST000895,US
CUST000896,CA
CUST000897,UK
CUST000898,AU
CUST000899,IN
CUST000900,US
CUST000901,CA
CUST000902,UK
CUST000903,AU
CUST000904,IN
CUST000905,US
CUST000906,CA
CUST000907,UK
CUST000908,AU
CUST000909,IN
CUST000910,US
CUST000911,CA
CUST000912,UK
CUST000913,AU
CUST000914,IN
CUST000915,US
CUST000916,CA
CUST000917,UK
CUST000918,AU
CUST000919,IN
CUST000920,US
CUST000921,CA
CUST000922,UK
CUST000923,AU
CUST000924,IN
CUST000925,US
CUST000926,CA
CUST000927,UK
CUST000928,AU
CUST000929,IN
CUST000930,US
CUST000931,CA
CUST000932,UK
CUST000933,AU
CUST000934,IN
CUST000935,US
CUST000936,CA
CUST000937,UK
CUST000938,AU
CUST000939,IN
CUST000940,US
CUST000941,CA
CUST000942,UK
CUST000943,AU
CUST000944,IN
CUST000945,US
CUST000946,CA
CUST000947,UK
CUST000948,AU
CUST000949,IN
CUST000950,US
CUST000951,CA
CUST000952,UK
CUST000953,AU
CUST000954,IN
CUST000955,US
CUST000956,CA
CUST000957,UK
CUST000958,AU
CUST000959,IN
CUST000960,US
CUST000961,CA
CUST000962,UK
CUST000963,AU
CUST000964,IN
CUST000965,US
CUST000966,CA
CUST000967,UK
CUST000968,AU
CUST000969,IN
CUST000970,US
CUST000971,CA
CUST000972,UK
CUST000973,AU
CUST000974,IN
CUST000975,US
CUST000976,CA
CUST000977,UK
CUST000978,AU
CUST000979,IN
CUST000980,US
CUST000981,CA
CUST000982,UK
CUST000983,AU
CUST000984,IN
CUST000985,US
CUST000986,CA
CUST000987,UK
CUST000988,AU
CUST000989,IN
CUST000990,US
CUST000991,CA
CUST000992,UK
CUST000993,AU
CUST000994,IN
CUST000995,US
CUST000996,CA
CUST000997,UK
CUST000998,AU
CUST000999,IN
CUST001000,US
CUST001001,CA
CUST001002,UK
CUST001003,AU
CUST001004,IN
CUST001005,US
CUST001006,CA
CUST001007,UK
CUST001008,AU
CUST001009,IN
CUST001010,US
CUST001011,CA
CUST001012,UK
CUST001013,AU
CUST001014,IN
CUST001015,US
CUST001016,CA
CUST001017,UK
CUST001018,AU
CUST001019,IN
CUST001020,US
CUST001021,CA
CUST001022,UK
CUST001023,AU
CUST001024,IN
CUST001025,US
CUST001026,CA
CUST001027,UK
CUST001028,AU
CUST001029,IN
CUST001030,US
CUST001031,CA
CUST001032,UK
CUST001033,AU
CUST001034,IN
CUST001035,US
CUST001036,CA
CUST001037,UK
CUST001038,AU
CUST001039,IN
CUST001040,US
CUST001041,CA
CUST001042,UK
CUST001043,AU
CUST001044,IN
CUST001045,US
CUST001046,CA
CUST001047,UK
CUST001048,AU
CUST001049,IN
CUST001050,US
CUST001051,CA
CUST001052,UK
CUST001053,AU
CUST001054,IN
CUST001055,US
CUST001056,CA
CUST001057,UK
CUST001058,AU
CUST001059,IN
CUST001060,US
CUST001061,CA
CUST001062,UK
CUST001063,AU
CUST001064,IN
CUST001065,US
CUST001066,CA
CUST001067,UK
CUST001068,AU
CUST001069,IN
CUST001070,US
CUST001071,CA
CUST001072,UK
CUST001073,AU
CUST001074,IN
CUST001075,US
CUST001076,CA
CUST001077,UK
CUST001078,AU
CUST001079,IN
CUST001080,US
CUST001081,CA
CUST001082,UK
CUST001083,AU
CUST001084,IN
CUST001085,US
CUST001086,CA
CUST001087,UK
CUST001088,AU
CUST001089,IN
CUST001090,US
CUST001091,CA
CUST001092,UK
CUST001093,AU
CUST001094,IN
CUST001095,US
CUST001096,CA
CUST001097,UK
CUST001098,AU
CUST001099,IN
CUST001100,US
CUST001101,CA
CUST001102,UK
CUST001103,AU
CUST001104,IN
CUST001105,US
CUST001106,CA
CUST001107,UK
CUST001108,AU
CUST001109,IN
CUST001110,US
CUST001111,CA
CUST001112,UK
CUST001113,AU
CUST001114,IN
CUST001115,US
CUST001116,CA
CUST001117,UK
CUST001118,AU
CUST001119,IN
CUST001120,US
CUST001121,CA
CUST001122,UK
CUST001123,AU
CUST001124,IN
CUST001125,US
CUST001126,CA
CUST001127,UK
CUST001128,AU
CUST001129,IN
CUST001130,US
CUST001131,CA
CUST001132,UK
CUST001133,AU
CUST001134,IN
CUST001135,US
CUST001136,CA
CUST001137,UK
CUST001138,AU
CUST001139,IN
CUST001140,US
CUST001141,CA
CUST001142,UK
CUST001143,AU
CUST001144,IN
CUST001145,US
CUST001146,CA
CUST001147,UK
CUST001148,AU
CUST001149,IN
CUST001150,US
CUST001151,CA
CUST001152,UK
CUST001153,AU
CUST001154,IN
CUST001155,US
CUST001156,CA
CUST001157,UK
CUST001158,AU
CUST001159,IN
CUST001160,US
CUST001161,CA
CUST001162,UK
CUST001163,AU
CUST001164,IN
CUST001165,US
CUST001166,CA
CUST001167,UK
CUST001168,AU
CUST001169,IN
CUST001170,US
CUST001171,CA
CUST001172,UK
CUST001173,AU
CUST001174,IN
CUST001175,US
CUST001176,CA
CUST001177,UK
CUST001178,AU
CUST001179,IN
CUST001180,US
CUST001181,CA
CUST001182,UK
CUST001183,AU
CUST001184,IN
CUST001185,US
CUST001186,CA
CUST001187,UK
CUST001188,AU
CUST001189,IN
CUST001190,US
CUST001191,CA
CUST001192,UK
CUST001193,AU
CUST001194,IN
CUST001195,US
CUST001196,CA
CUST001197,UK
CUST001198,AU
CUST001199,IN
CUST001200,US
CUST001201,CA
CUST001202,UK
CUST001203,AU
CUST001204,IN
CUST001205,US
CUST001206,CA
CUST001207,UK
CUST001208,AU
CUST001209,IN
CUST001210,US
CUST001211,CA
CUST001212,UK
CUST001213,AU
CUST001214,IN
CUST001215,US
CUST001216,CA
CUST001217,UK
CUST001218,AU
CUST001219,IN
CUST001220,US
CUST001221,CA
CUST001222,UK
CUST001223,AU
CUST001224,IN
CUST001225,US
CUST001226,CA
CUST001227,UK
CUST001228,AU
CUST001229,IN
CUST001230,US
CUST001231,CA
CUST001232,UK
CUST001233,AU
CUST001234,IN
CUST001235,US
CUST001236,CA
CUST001237,UK
CUST001238,AU
CUST001239,IN
CUST001240,US
CUST001241,CA
CUST001242,UK
CUST001243,AU
CUST001244,IN
CUST001245,US
CUST001246,CA
CUST001247,UK
CUST001248,AU
CUST001249,IN
CUST001250,US
CUST001251,CA
CUST001252,UK
CUST001253,AU
CUST001254,IN
CUST001255,US
CUST001256,CA
CUST001257,UK
CUST001258,AU
CUST001259,IN
CUST001260,US
CUST001261,CA
CUST001262,UK
CUST001263,AU
CUST001264,IN
CUST001265,US
CUST001266,CA
CUST001267,UK
CUST001268,AU
CUST001269,IN
CUST001270,US
CUST001271,CA
CUST001272,UK
CUST001273,AU
CUST001274,IN
CUST001275,US
CUST001276,CA
CUST001277,UK
CUST001278,AU
CUST001279,IN
CUST001280,US
CUST001281,CA
CUST001282,UK
CUST001283,AU
CUST001284,IN
CUST001285,US
CUST001286,CA
CUST001287,UK
CUST001288,AU
CUST001289,IN
CUST001290,US
CUST001291,CA
CUST001292,UK
CUST001293,AU
CUST001294,IN
CUST001295,US
CUST001296,CA
CUST001297,UK
CUST001298,AU
CUST001299,IN
CUST001300,US
CUST001301,CA
CUST001302,UK
CUST001303,AU
CUST001304,IN
CUST001305,US
CUST001306,CA
CUST001307,UK
CUST001308,AU
CUST001309,IN
CUST001310,US
CUST001311,CA
CUST001312,UK
CUST001313,AU
CUST001314,IN
CUST001315,US
CUST001316,CA
CUST001317,UK
CUST001318,AU
CUST001319,IN
CUST001320,US
CUST001321,CA
CUST001322,UK
CUST001323,AU
CUST001324,IN
CUST001325,US
CUST001326,CA
CUST001327,UK
CUST001328,AU
CUST001329,IN
CUST001330,US
CUST001331,CA
CUST001332,UK
CUST001333,AU
CUST001334,IN
CUST001335,US
CUST001336,CA
CUST001337,UK
CUST001338,AU
CUST001339,IN
CUST001340,US
CUST001341,CA
CUST001342,UK
CUST001343,AU
CUST001344,IN
CUST001345,US
CUST001346,CA
CUST001347,UK
CUST001348,AU
CUST001349,IN
CUST001350,US
CUST001351,CA
CUST001352,UK
CUST001353,AU
CUST001354,IN
CUST001355,US
CUST001356,CA
CUST001357,UK
CUST001358,AU
CUST001359,IN
CUST001360,US
CUST001361,CA
CUST001362,UK
CUST001363,AU
CUST001364,IN
CUST001365,US
CUST001366,CA
CUST001367,UK
CUST001368,AU
CUST001369,IN
CUST001370,US
CUST001371,CA
CUST001372,UK
CUST001373,AU
CUST001374,IN
CUST001375,US
CUST001376,CA
CUST001377,UK
CUST001378,AU
CUST001379,IN
CUST001380,US
CUST001381,CA
CUST001382,UK
CUST001383,AU
CUST001384,IN
CUST001385,US
CUST001386,CA
CUST001387,UK
CUST001388,AU
CUST001389,IN
CUST001390,US
CUST001391,CA
CUST001392,UK
CUST001393,AU
CUST001394,IN
CUST001395,US
CUST001396,CA
CUST001397,UK
CUST001398,AU
CUST001399,IN
CUST001400,US
CUST001401,CA
CUST001402,UK
CUST001403,AU
CUST001404,IN
CUST001405,US
CUST001406,CA
CUST001407,UK
CUST001408,AU
CUST001409,IN
CUST001410,US
CUST001411,CA
CUST001412,UK
CUST001413,AU
CUST001414,IN
CUST001415,US
CUST001416,CA
CUST001417,UK
CUST001418,AU
CUST001419,IN
CUST001420,US
CUST001421,CA
CUST001422,UK
CUST001423,AU
CUST001424,IN
CUST001425,US
CUST001426,CA
CUST001427,UK
CUST001428,AU
CUST001429,IN
CUST001430,US
CUST001431,CA
CUST001432,UK
CUST001433,AU
CUST001434,IN
CUST001435,US
CUST001436,CA
CUST001437,UK
CUST001438,AU
CUST001439,IN
CUST001440,US
CUST001441,CA
CUST001442,UK
CUST001443,AU
CUST001444,IN
CUST001445,US
CUST001446,CA
CUST001447,UK
CUST001448,AU
CUST001449,IN
CUST001450,US
CUST001451,CA
CUST001452,UK
CUST001453,AU
CUST001454,IN
CUST001455,US
CUST001456,CA
CUST001457,UK
CUST001458,AU
CUST001459,IN
CUST001460,US
CUST001461,CA
CUST001462,UK
CUST001463,AU
CUST001464,IN
CUST001465,US
CUST001466,CA
CUST001467,UK
CUST001468,AU
CUST001469,IN
CUST001470,US
CUST001471,CA
CUST001472,UK
CUST001473,AU
CUST001474,IN
CUST001475,US
CUST001476,CA
CUST001477,UK
CUST001478,AU
CUST001479,IN
CUST001480,US
CUST001481,CA
CUST001482,UK
CUST001483,AU
CUST001484,IN
CUST001485,US
CUST001486,CA
CUST001487,UK
CUST001488,AU
CUST001489,IN
CUST001490,US
CUST001491,CA
CUST001492,UK
CUST001493,AU
CUST001494,IN
CUST001495,US
CUST001496,CA
CUST001497,UK
CUST001498,AU
CUST001499,IN
CUST001500,US
CUST001501,CA
CUST001502,UK
CUST001503,AU
CUST001504,IN
CUST001505,US
CUST001506,CA
CUST001507,UK
CUST001508,AU
CUST001509,IN
CUST001510,US
CUST001511,CA
CUST001512,UK
CUST001513,AU
CUST001514,IN
CUST001515,US
CUST001516,CA
CUST001517,UK
CUST001518,AU
CUST001519,IN
CUST001520,US
CUST001521,CA
CUST001522,UK
CUST001523,AU
CUST001524,IN
CUST001525,US
CUST001526,CA
CUST001527,UK
CUST001528,AU
CUST001529,IN
CUST001530,US
CUST001531,CA
CUST001532,UK
CUST001533,AU
CUST001534,IN
CUST001535,US
CUST001536,CA
CUST001537,UK
CUST001538,AU
CUST001539,IN
CUST001540,US
CUST001541,CA
CUST001542,UK
CUST001543,AU
CUST001544,IN
CUST001545,US
CUST001546,CA
CUST001547,UK
CUST001548,AU
CUST001549,IN
CUST001550,US
CUST001551,CA
CUST001552,UK
CUST001553,AU
CUST001554,IN
CUST001555,US
CUST001556,CA
CUST001557,UK
CUST001558,AU
CUST001559,IN
CUST001560,US
CUST001561,CA
CUST001562,UK
CUST001563,AU
CUST001564,IN
CUST001565,US
CUST001566,CA
CUST001567,UK
CUST001568,AU
CUST001569,IN
CUST001570,US
CUST001571,CA
CUST001572,UK
CUST001573,AU
CUST001574,IN
CUST001575,US
CUST001576,CA
CUST001577,UK
CUST001578,AU
CUST001579,IN
CUST001580,US
CUST001581,CA
CUST001582,UK
CUST001583,AU
CUST001584,IN
CUST001585,US
CUST001586,CA
CUST001587,UK
CUST001588,AU
CUST001589,IN
CUST001590,US
CUST001591,CA
CUST001592,UK
CUST001593,AU
CUST001594,IN
CUST001595,US
CUST001596,CA
CUST001597,UK
CUST001598,AU
CUST001599,IN
CUST001600,US
CUST001601,CA
CUST001602,UK
CUST001603,AU
CUST001604,IN
CUST001605,US
CUST001606,CA
CUST001607,UK
CUST001608,AU
CUST001609,IN
CUST001610,US
CUST001611,CA
CUST001612,UK
CUST001613,AU
CUST001614,IN
CUST001615,US
CUST001616,CA
CUST001617,UK
CUST001618,AU
CUST001619,IN
CUST001620,US
CUST001621,CA
CUST001622,UK
CUST001623,AU
CUST001624,IN
CUST001625,US
CUST001626,CA
CUST001627,UK
CUST001628,AU
CUST001629,IN
CUST001630,US
CUST001631,CA
CUST001632,UK
CUST001633,AU
CUST001634,IN
CUST001635,US
CUST001636,CA
CUST001637,UK
CUST001638,AU
CUST001639,IN
CUST001640,US
CUST001641,CA
CUST001642,UK
CUST001643,AU
CUST001644,IN
CUST001645,US
CUST001646,CA
CUST001647,UK
CUST001648,AU
CUST001649,IN
CUST001650,US
CUST001651,CA
CUST001652,UK
CUST001653,AU
CUST001654,IN
CUST001655,US
CUST001656,CA
CUST001657,UK
CUST001658,AU
CUST001659,IN
CUST001660,US
CUST001661,CA
CUST001662,UK
CUST001663,AU
CUST001664,IN
CUST001665,US
CUST001666,CA
CUST001667,UK
CUST001668,AU
CUST001669,IN
CUST001670,US
CUST001671,CA
CUST001672,UK
CUST001673,AU
CUST001674,IN
CUST001675,US
CUST001676,CA
CUST001677,UK
CUST001678,AU
CUST001679,IN
CUST001680,US
CUST001681,CA
CUST001682,UK
CUST001683,AU
CUST001684,IN
CUST001685,US
CUST001686,CA
CUST001687,UK
CUST001688,AU
CUST001689,IN
CUST001690,US
CUST001691,CA
CUST001692,UK
CUST001693,AU
CUST001694,IN
CUST001695,US
CUST001696,CA
CUST001697,UK
CUST001698,AU
CUST001699,IN
CUST001700,US
CUST001701,CA
CUST001702,UK
CUST001703,AU
CUST001704,IN
CUST001705,US
CUST001706,CA
CUST001707,UK
CUST001708,AU
CUST001709,IN
CUST001710,US
CUST001711,CA
CUST001712,UK
CUST001713,AU
CUST001714,IN
CUST001715,US
CUST001716,CA
CUST001717,UK
CUST001718,AU
CUST001719,IN
CUST001720,US
CUST001721,CA
CUST001722,UK
CUST001723,AU
CUST001724,IN
CUST001725,US
CUST001726,CA
CUST001727,UK
CUST001728,AU
CUST001729,IN
CUST001730,US
CUST001731,CA
CUST001732,UK
CUST001733,AU
CUST001734,IN
CUST001735,US
CUST001736,CA
CUST001737,UK
CUST001738,AU
CUST001739,IN
CUST001740,US
CUST001741,CA
CUST001742,UK
CUST001743,AU
CUST001744,IN
CUST001745,US
CUST001746,CA
CUST001747,UK
CUST001748,AU
CUST001749,IN
CUST001750,US
CUST001751,CA
CUST001752,UK
CUST001753,AU
CUST001754,IN
CUST001755,US
CUST001756,CA
CUST001757,UK
CUST001758,AU
CUST001759,IN
CUST001760,US
CUST001761,CA
CUST001762,UK
CUST001763,AU
CUST001764,IN
CUST001765,US
CUST001766,CA
CUST001767,UK
CUST001768,AU
CUST001769,IN
CUST001770,US
CUST001771,CA
CUST001772,UK
CUST001773,AU
CUST001774,IN
CUST001775,US
CUST001776,CA
CUST001777,UK
CUST001778,AU
CUST001779,IN
CUST001780,US
CUST001781,CA
CUST001782,UK
CUST001783,AU
CUST001784,IN
CUST001785,US
CUST001786,CA
CUST001787,UK
CUST001788,AU
CUST001789,IN
CUST001790,US
CUST001791,CA
CUST001792,UK
CUST001793,AU
CUST001794,IN
CUST001795,US
CUST001796,CA
CUST001797,UK
CUST001798,AU
CUST001799,IN
CUST001800,US
CUST001801,CA
CUST001802,UK
CUST001803,AU
CUST001804,IN
CUST001805,US
CUST001806,CA
CUST001807,UK
CUST001808,AU
CUST001809,IN
CUST001810,US
CUST001811,CA
CUST001812,UK
CUST001813,AU
CUST001814,IN
CUST001815,US
CUST001816,CA
CUST001817,UK
CUST001818,AU
CUST001819,IN
CUST001820,US
CUST001821,CA
CUST001822,UK
CUST001823,AU
CUST001824,IN
CUST001825,US
CUST001826,CA
CUST001827,UK
CUST001828,AU
CUST001829,IN
CUST001830,US
CUST001831,CA
CUST001832,UK
CUST001833,AU
CUST001834,IN
CUST001835,US
CUST001836,CA
CUST001837,UK
CUST001838,AU
CUST001839,IN
CUST001840,US
CUST001841,CA
CUST001842,UK
CUST001843,AU
CUST001844,IN
CUST001845,US
CUST001846,CA
CUST001847,UK
CUST001848,AU
CUST001849,IN
CUST001850,US
CUST001851,CA
CUST001852,UK
CUST001853,AU
CUST001854,IN
CUST001855,US
CUST001856,CA
CUST001857,UK
CUST001858,AU
CUST001859,IN
CUST001860,US
CUST001861,CA
CUST001862,UK
CUST001863,AU
CUST001864,IN
CUST001865,US
CUST001866,CA
CUST001867,UK
CUST001868,AU
CUST001869,IN
CUST001870,US
CUST001871,CA
CUST001872,UK
CUST001873,AU
CUST001874,IN
CUST001875,US
CUST001876,CA
CUST001877,UK
CUST001878,AU
CUST001879,IN
CUST001880,US
CUST001881,CA
CUST001882,UK
CUST001883,AU
CUST001884,IN
CUST001885,US
CUST001886,CA
CUST001887,UK
CUST001888,AU
CUST001889,IN
CUST001890,US
CUST001891,CA
CUST001892,UK
CUST001893,AU
CUST001894,IN
CUST001895,US
CUST001896,CA
CUST001897,UK
CUST001898,AU
CUST001899,IN
CUST001900,US
CUST001901,CA
CUST001902,UK
CUST001903,AU
CUST001904,IN
CUST001905,US
CUST001906,CA
CUST001907,UK
CUST001908,AU
CUST001909,IN
CUST001910,US
CUST001911,CA
CUST001912,UK
CUST001913,AU
CUST001914,IN
CUST001915,US
CUST001916,CA
CUST001917,UK
CUST001918,AU
CUST001919,IN
CUST001920,US
CUST001921,CA
CUST001922,UK
CUST001923,AU
CUST001924,IN
CUST001925,US
CUST001926,CA
CUST001927,UK
CUST001928,AU
CUST001929,IN
CUST001930,US
CUST001931,CA
CUST001932,UK
CUST001933,AU
CUST001934,IN
CUST001935,US
CUST001936,CA
CUST001937,UK
CUST001938,AU
CUST001939,IN
CUST001940,US
CUST001941,CA
CUST001942,UK
CUST001943,AU
CUST001944,IN
CUST001945,US
CUST001946,CA
CUST001947,UK
CUST001948,AU
CUST001949,IN
CUST001950,US
CUST001951,CA
CUST001952,UK
CUST001953,AU
CUST001954,IN
CUST001955,US
CUST001956,CA
CUST001957,UK
CUST001958,AU
CUST001959,IN
CUST001960,US
CUST001961,CA
CUST001962,UK
CUST001963,AU
CUST001964,IN
CUST001965,US
CUST001966,CA
CUST001967,UK
CUST001968,AU
CUST001969,IN
CUST001970,US
CUST001971,CA
CUST001972,UK
CUST001973,AU
CUST001974,IN
CUST001975,US
CUST001976,CA
CUST001977,UK
CUST001978,AU
CUST001979,IN
CUST001980,US
CUST001981,CA
CUST001982,UK
CUST001983,AU
CUST001984,IN
CUST001985,US
CUST001986,CA
CUST001987,UK
CUST001988,AU
CUST001989,IN
CUST001990,US
CUST001991,CA
CUST001992,UK
CUST001993,AU
CUST001994,IN
CUST001995,US
CUST001996,CA
CUST001997,UK
CUST001998,AU
CUST001999,IN
CUST002000,US
CUST002001,CA
CUST002002,UK
CUST002003,AU
CUST002004,IN
CUST002005,US
CUST002006,CA
CUST002007,UK
CUST002008,AU
CUST002009,IN
CUST002010,US
CUST002011,CA
CUST002012,UK
CUST002013,AU
CUST002014,IN
CUST002015,US
CUST002016,CA
CUST002017,UK
CUST002018,AU
CUST002019,IN
CUST002020,US
CUST002021,CA
CUST002022,UK
CUST002023,AU
CUST002024,IN
CUST002025,US
CUST002026,CA
CUST002027,UK
CUST002028,AU
CUST002029,IN
CUST002030,US
CUST002031,CA
CUST002032,UK
CUST002033,AU
CUST002034,IN
CUST002035,US
CUST002036,CA
CUST002037,UK
CUST002038,AU
CUST002039,IN
CUST002040,US
CUST002041,CA
CUST002042,UK
CUST002043,AU
CUST002044,IN
CUST002045,US
CUST002046,CA
CUST002047,UK
CUST002048,AU
CUST002049,IN
CUST002050,US
CUST002051,CA
CUST002052,UK
CUST002053,AU
CUST002054,IN
CUST002055,US
CUST002056,CA
CUST002057,UK
CUST002058,AU
CUST002059,IN
CUST002060,US
CUST002061,CA
CUST002062,UK
CUST002063,AU
CUST002064,IN
CUST002065,US
CUST002066,CA
CUST002067,UK
CUST002068,AU
CUST002069,IN
CUST002070,US
CUST002071,CA
CUST002072,UK
CUST002073,AU
CUST002074,IN
CUST002075,US
CUST002076,CA
CUST002077,UK
CUST002078,AU
CUST002079,IN
CUST002080,US
CUST002081,CA
CUST002082,UK
CUST002083,AU
CUST002084,IN
CUST002085,US
CUST002086,CA
CUST002087,UK
CUST002088,AU
CUST002089,IN
CUST002090,US
CUST002091,CA
CUST002092,UK
CUST002093,AU
CUST002094,IN
CUST002095,US
CUST002096,CA
CUST002097,UK
CUST002098,AU
CUST002099,IN
CUST002100,US
CUST002101,CA
CUST002102,UK
CUST002103,AU
CUST002104,IN
CUST002105,US
CUST002106,CA
CUST002107,UK
CUST002108,AU
CUST002109,IN
CUST002110,US
CUST002111,CA
CUST002112,UK
CUST002113,AU
CUST002114,IN
CUST002115,US
CUST002116,CA
CUST002117,UK
CUST002118,AU
CUST002119,IN
CUST002120,US
CUST002121,CA
CUST002122,UK
CUST002123,AU
CUST002124,IN
CUST002125,US
CUST002126,CA
CUST002127,UK
CUST002128,AU
CUST002129,IN
CUST002130,US
CUST002131,CA
CUST002132,UK
CUST002133,AU
CUST002134,IN
CUST002135,US
CUST002136,CA
CUST002137,UK
CUST002138,AU
CUST002139,IN
CUST002140,US
CUST002141,CA
CUST002142,UK
CUST002143,AU
CUST002144,IN
CUST002145,US
CUST002146,CA
CUST002147,UK
CUST002148,AU
CUST002149,IN
CUST002150,US
CUST002151,CA
CUST002152,UK
CUST002153,AU
CUST002154,IN
CUST002155,US
CUST002156,CA
CUST002157,UK
CUST002158,AU
CUST002159,IN
CUST002160,US
CUST002161,CA
CUST002162,UK
CUST002163,AU
CUST002164,IN
CUST002165,US
CUST002166,CA
CUST002167,UK
CUST002168,AU
CUST002169,IN
CUST002170,US
CUST002171,CA
CUST002172,UK
CUST002173,AU
CUST002174,IN
CUST002175,US
CUST002176,CA
CUST002177,UK
CUST002178,AU
CUST002179,IN
CUST002180,US
CUST002181,CA
CUST002182,UK
CUST002183,AU
CUST002184,IN
CUST002185,US
CUST002186,CA
CUST002187,UK
CUST002188,AU
CUST002189,IN
CUST002190,US
CUST002191,CA
CUST002192,UK
CUST002193,AU
CUST002194,IN
CUST002195,US
CUST002196,CA
CUST002197,UK
CUST002198,AU
CUST002199,IN
CUST002200,US
CUST002201,CA
CUST002202,UK
CUST002203,AU
CUST002204,IN
CUST002205,US
CUST002206,CA
CUST002207,UK
CUST002208,AU
CUST002209,IN
CUST002210,US
CUST002211,CA
CUST002212,UK
CUST002213,AU
CUST002214,IN
CUST002215,US
CUST002216,CA
CUST002217,UK
CUST002218,AU
CUST002219,IN
CUST002220,US
CUST002221,CA
CUST002222,UK
CUST002223,AU
CUST002224,IN
CUST002225,US
CUST002226,CA
CUST002227,UK
CUST002228,AU
CUST002229,IN
CUST002230,US
CUST002231,CA
CUST002232,UK
CUST002233,AU
CUST002234,IN
CUST002235,US
CUST002236,CA
CUST002237,UK
CUST002238,AU
CUST002239,IN
CUST002240,US
CUST002241,CA
CUST002242,UK
CUST002243,AU
CUST002244,IN
CUST002245,US
CUST002246,CA
CUST002247,UK
CUST002248,AU
CUST002249,IN
CUST002250,US
CUST002251,CA
CUST002252,UK
CUST002253,AU
CUST002254,IN
CUST002255,US
CUST002256,CA
CUST002257,UK
CUST002258,AU
CUST002259,IN
CUST002260,US
CUST002261,CA
CUST002262,UK
CUST002263,AU
CUST002264,IN
CUST002265,US
CUST002266,CA
CUST002267,UK
CUST002268,AU
CUST002269,IN
CUST002270,US
CUST002271,CA
CUST002272,UK
CUST002273,AU
CUST002274,IN
CUST002275,US
CUST002276,CA
CUST002277,UK
CUST002278,AU
CUST002279,IN
CUST002280,US
CUST002281,CA
CUST002282,UK
CUST002283,AU
CUST002284,IN
CUST002285,US
CUST002286,CA
CUST002287,UK
CUST002288,AU
CUST002289,IN
CUST002290,US
CUST002291,CA
CUST002292,UK
CUST002293,AU
CUST002294,IN
CUST002295,US
CUST002296,CA
CUST002297,UK
CUST002298,AU
CUST002299,IN
CUST002300,US
CUST002301,CA
CUST002302,UK
CUST002303,AU
CUST002304,IN
CUST002305,US
CUST002306,CA
CUST002307,UK
CUST002308,AU
CUST002309,IN
CUST002310,US
CUST002311,CA
CUST002312,UK
CUST002313,AU
CUST002314,IN
CUST002315,US
CUST002316,CA
CUST002317,UK
CUST002318,AU
CUST002319,IN
CUST002320,US
CUST002321,CA
CUST002322,UK
CUST002323,AU
CUST002324,IN
CUST002325,US
CUST002326,CA
CUST002327,UK
CUST002328,AU
CUST002329,IN
CUST002330,US
CUST002331,CA
CUST002332,UK
CUST002333,AU
CUST002334,IN
CUST002335,US
CUST002336,CA
CUST002337,UK
CUST002338,AU
CUST002339,IN
CUST002340,US
CUST002341,CA
CUST002342,UK
CUST002343,AU
CUST002344,IN
CUST002345,US
CUST002346,CA
CUST002347,UK
CUST002348,AU
CUST002349,IN
CUST002350,US
CUST002351,CA
CUST002352,UK
CUST002353,AU
CUST002354,IN
CUST002355,US
CUST002356,CA
CUST002357,UK
CUST002358,AU
CUST002359,IN
CUST002360,US
CUST002361,CA
CUST002362,UK
CUST002363,AU
CUST002364,IN
CUST002365,US
CUST002366,CA
CUST002367,UK
CUST002368,AU
CUST002369,IN
CUST002370,US
CUST002371,CA
CUST002372,UK
CUST002373,AU
CUST002374,IN
CUST002375,US
CUST002376,CA
CUST002377,UK
CUST002378,AU
CUST002379,IN
CUST002380,US
CUST002381,CA
CUST002382,UK
CUST002383,AU
CUST002384,IN
CUST002385,US
CUST002386,CA
CUST002387,UK
CUST002388,AU
CUST002389,IN
CUST002390,US
CUST002391,CA
CUST002392,UK
CUST002393,AU
CUST002394,IN
CUST002395,US
CUST002396,CA
CUST002397,UK
CUST002398,AU
CUST002399,IN
CUST002400,US
CUST002401,CA
CUST002402,UK
CUST002403,AU
CUST002404,IN
CUST002405,US
CUST002406,CA
CUST002407,UK
CUST002408,AU
CUST002409,IN
CUST002410,US
CUST002411,CA
CUST002412,UK
CUST002413,AU
CUST002414,IN
CUST002415,US
CUST002416,CA
CUST002417,UK
CUST002418,AU
CUST002419,IN
CUST002420,US
CUST002421,CA
CUST002422,UK
CUST002423,AU
CUST002424,IN
CUST002425,US
CUST002426,CA
CUST002427,UK
CUST002428,AU
CUST002429,IN
CUST002430,US
CUST002431,CA
CUST002432,UK
CUST002433,AU
CUST002434,IN
CUST002435,US
CUST002436,CA
CUST002437,UK
CUST002438,AU
CUST002439,IN
CUST002440,US
CUST002441,CA
CUST002442,UK
CUST002443,AU
CUST002444,IN
CUST002445,US
CUST002446,CA
CUST002447,UK
CUST002448,AU
CUST002449,IN
CUST002450,US
CUST002451,CA
CUST002452,UK
CUST002453,AU
CUST002454,IN
CUST002455,US
CUST002456,CA
CUST002457,UK
CUST002458,AU
CUST002459,IN
CUST002460,US
CUST002461,CA
CUST002462,UK
CUST002463,AU
CUST002464,IN
CUST002465,US
CUST002466,CA
CUST002467,UK
CUST002468,AU
CUST002469,IN
CUST002470,US
CUST002471,CA
CUST002472,UK
CUST002473,AU
CUST002474,IN
CUST002475,US
CUST002476,CA
CUST002477,UK
CUST002478,AU
CUST002479,IN
CUST002480,US
CUST002481,CA
CUST002482,UK
CUST002483,AU
CUST002484,IN
CUST002485,US
CUST002486,CA
CUST002487,UK
CUST002488,AU
CUST002489,IN
CUST002490,US
CUST002491,CA
CUST002492,UK
CUST002493,AU
CUST002494,IN
CUST002495,US
CUST002496,CA
CUST002497,UK
CUST002498,AU
CUST002499,IN
CUST002500,US
CUST002501,CA
CUST002502,UK
CUST002503,AU
CUST002504,IN
CUST002505,US
CUST002506,CA
CUST002507,UK
CUST002508,AU
CUST002509,IN
CUST002510,US
CUST002511,CA
CUST002512,UK
CUST002513,AU
CUST002514,IN
CUST002515,US
CUST002516,CA
CUST002517,UK
CUST002518,AU
CUST002519,IN
CUST002520,US
CUST002521,CA
CUST002522,UK
CUST002523,AU
CUST002524,IN
CUST002525,US
CUST002526,CA
CUST002527,UK
CUST002528,AU
CUST002529,IN
CUST002530,US
CUST002531,CA
CUST002532,UK
CUST002533,AU
CUST002534,IN
CUST002535,US
CUST002536,CA
CUST002537,UK
CUST002538,AU
CUST002539,IN
CUST002540,US
CUST002541,CA
CUST002542,UK
CUST002543,AU
CUST002544,IN
CUST002545,US
CUST002546,CA
CUST002547,UK
CUST002548,AU
CUST002549,IN
CUST002550,US
CUST002551,CA
CUST002552,UK
CUST002553,AU
CUST002554,IN
CUST002555,US
CUST002556,CA
CUST002557,UK
CUST002558,AU
CUST002559,IN
CUST002560,US
CUST002561,CA
CUST002562,UK
CUST002563,AU
CUST002564,IN
CUST002565,US
CUST002566,CA
CUST002567,UK
CUST002568,AU
CUST002569,IN
CUST002570,US
CUST002571,CA
CUST002572,UK
CUST002573,AU
CUST002574,IN
CUST002575,US
CUST002576,CA
CUST002577,UK
CUST002578,AU
CUST002579,IN
CUST002580,US
CUST002581,CA
CUST002582,UK
CUST002583,AU
CUST002584,IN
CUST002585,US
CUST002586,CA
CUST002587,UK
CUST002588,AU
CUST002589,IN
CUST002590,US
CUST002591,CA
CUST002592,UK
CUST002593,AU
CUST002594,IN
CUST002595,US
CUST002596,CA
CUST002597,UK
CUST002598,AU
CUST002599,IN
CUST002600,US
CUST002601,CA
CUST002602,UK
CUST002603,AU
CUST002604,IN
CUST002605,US
CUST002606,CA
CUST002607,UK
CUST002608,AU
CUST002609,IN
CUST002610,US
CUST002611,CA
CUST002612,UK
CUST002613,AU
CUST002614,IN
CUST002615,US
CUST002616,CA
CUST002617,UK
CUST002618,AU
CUST002619,IN
CUST002620,US
CUST002621,CA
CUST002622,UK
CUST002623,AU
CUST002624,IN
CUST002625,US
CUST002626,CA
CUST002627,UK
CUST002628,AU
CUST002629,IN
CUST002630,US
CUST002631,CA
CUST002632,UK
CUST002633,AU
CUST002634,IN
CUST002635,US
CUST002636,CA
CUST002637,UK
CUST002638,AU
CUST002639,IN
CUST002640,US
CUST002641,CA
CUST002642,UK
CUST002643,AU
CUST002644,IN
CUST002645,US
CUST002646,CA
CUST002647,UK
CUST002648,AU
CUST002649,IN
CUST002650,US
CUST002651,CA
CUST002652,UK
CUST002653,AU
CUST002654,IN
CUST002655,US
CUST002656,CA
CUST002657,UK
CUST002658,AU
CUST002659,IN
CUST002660,US
CUST002661,CA
CUST002662,UK
CUST002663,AU
CUST002664,IN
CUST002665,US
CUST002666,CA
CUST002667,UK
CUST002668,AU
CUST002669,IN
CUST002670,US
CUST002671,CA
CUST002672,UK
CUST002673,AU
CUST002674,IN
CUST002675,US
CUST002676,CA
CUST002677,UK
CUST002678,AU
CUST002679,IN
CUST002680,US
CUST002681,CA
CUST002682,UK
CUST002683,AU
CUST002684,IN
CUST002685,US
CUST002686,CA
CUST002687,UK
CUST002688,AU
CUST002689,IN
CUST002690,US
CUST002691,CA
CUST002692,UK
CUST002693,AU
CUST002694,IN
CUST002695,US
CUST002696,CA
CUST002697,UK
CUST002698,AU
CUST002699,IN
CUST002700,US
CUST002701,CA
CUST002702,UK
CUST002703,AU
CUST002704,IN
CUST002705,US
CUST002706,CA
CUST002707,UK
CUST002708,AU
CUST002709,IN
CUST002710,US
CUST002711,CA
CUST002712,UK
CUST002713,AU
CUST002714,IN
CUST002715,US
CUST002716,CA
CUST002717,UK
CUST002718,AU
CUST002719,IN
CUST002720,US
CUST002721,CA
CUST002722,UK
CUST002723,AU
CUST002724,IN
CUST002725,US
CUST002726,CA
CUST002727,UK
CUST002728,AU
CUST002729,IN
CUST002730,US
CUST002731,CA
CUST002732,UK
CUST002733,AU
CUST002734,IN
CUST002735,US
CUST002736,CA
CUST002737,UK
CUST002738,AU
CUST002739,IN
CUST002740,US
CUST002741,CA
CUST002742,UK
CUST002743,AU
CUST002744,IN
CUST002745,US
CUST002746,CA
CUST002747,UK
CUST002748,AU
CUST002749,IN
CUST002750,US
CUST002751,CA
CUST002752,UK
CUST002753,AU
CUST002754,IN
CUST002755,US
CUST002756,CA
CUST002757,UK
CUST002758,AU
CUST002759,IN
CUST002760,US
CUST002761,CA
CUST002762,UK
CUST002763,AU
CUST002764,IN
CUST002765,US
CUST002766,CA
CUST002767,UK
CUST002768,AU
CUST002769,IN
CUST002770,US
CUST002771,CA
CUST002772,UK
CUST002773,AU
CUST002774,IN
CUST002775,US
CUST002776,CA
CUST002777,UK
CUST002778,AU
CUST002779,IN
CUST002780,US
CUST002781,CA
CUST002782,UK
CUST002783,AU
CUST002784,IN
CUST002785,US
CUST002786,CA
CUST002787,UK
CUST002788,AU
CUST002789,IN
CUST002790,US
CUST002791,CA
CUST002792,UK
CUST002793,AU
CUST002794,IN
CUST002795,US
CUST002796,CA
CUST002797,UK
CUST002798,AU
CUST002799,IN
CUST002800,US
CUST002801,CA
CUST002802,UK
CUST002803,AU
CUST002804,IN
CUST002805,US
CUST002806,CA
CUST002807,UK
CUST002808,AU
CUST002809,IN
CUST002810,US
CUST002811,CA
CUST002812,UK
CUST002813,AU
CUST002814,IN
CUST002815,US
CUST002816,CA
CUST002817,UK
CUST002818,AU
CUST002819,IN
CUST002820,US
CUST002821,CA
CUST002822,UK
CUST002823,AU
CUST002824,IN
CUST002825,US
CUST002826,CA
CUST002827,UK
CUST002828,AU
CUST002829,IN
CUST002830,US
CUST002831,CA
CUST002832,UK
CUST002833,AU
CUST002834,IN
CUST002835,US
CUST002836,CA
CUST002837,UK
CUST002838,AU
CUST002839,IN
CUST002840,US
CUST002841,CA
CUST002842,UK
CUST002843,AU
CUST002844,IN
CUST002845,US
CUST002846,CA
CUST002847,UK
CUST002848,AU
CUST002849,IN
CUST002850,US
CUST002851,CA
CUST002852,UK
CUST002853,AU
CUST002854,IN
CUST002855,US
CUST002856,CA
CUST002857,UK
CUST002858,AU
CUST002859,IN
CUST002860,US
CUST002861,CA
CUST002862,UK
CUST002863,AU
CUST002864,IN
CUST002865,US
CUST002866,CA
CUST002867,UK
CUST002868,AU
CUST002869,IN
CUST002870,US
CUST002871,CA
CUST002872,UK
CUST002873,AU
CUST002874,IN
CUST002875,US
CUST002876,CA
CUST002877,UK
CUST002878,AU
CUST002879,IN
CUST002880,US
CUST002881,CA
CUST002882,UK
CUST002883,AU
CUST002884,IN
CUST002885,US
CUST002886,CA
CUST002887,UK
CUST002888,AU
CUST002889,IN
CUST002890,US
CUST002891,CA
CUST002892,UK
CUST002893,AU
CUST002894,IN
CUST002895,US
CUST002896,CA
CUST002897,UK
CUST002898,AU
CUST002899,IN
CUST002900,US
CUST002901,CA
CUST002902,UK
CUST002903,AU
CUST002904,IN
CUST002905,US
CUST002906,CA
CUST002907,UK
CUST002908,AU
CUST002909,IN
CUST002910,US
CUST002911,CA
CUST002912,UK
CUST002913,AU
CUST002914,IN
CUST002915,US
CUST002916,CA
CUST002917,UK
CUST002918,AU
CUST002919,IN
CUST002920,US
CUST002921,CA
CUST002922,UK
CUST002923,AU
CUST002924,IN
CUST002925,US
CUST002926,CA
CUST002927,UK
CUST002928,AU
CUST002929,IN
CUST002930,US
CUST002931,CA
CUST002932,UK
CUST002933,AU
CUST002934,IN
CUST002935,US
CUST002936,CA
CUST002937,UK
CUST002938,AU
CUST002939,IN
CUST002940,US
CUST002941,CA
CUST002942,UK
CUST002943,AU
CUST002944,IN
CUST002945,US
CUST002946,CA
CUST002947,UK
CUST002948,AU
CUST002949,IN
CUST002950,US
CUST002951,CA
CUST002952,UK
CUST002953,AU
CUST002954,IN
CUST002955,US
CUST002956,CA
CUST002957,UK
CUST002958,AU
CUST002959,IN
CUST002960,US
CUST002961,CA
CUST002962,UK
CUST002963,AU
CUST002964,IN
CUST002965,US
CUST002966,CA
CUST002967,UK
CUST002968,AU
CUST002969,IN
CUST002970,US
CUST002971,CA
CUST002972,UK
CUST002973,AU
CUST002974,IN
CUST002975,US
CUST002976,CA
CUST002977,UK
CUST002978,AU
CUST002979,IN
CUST002980,US
CUST002981,CA
CUST002982,UK
CUST002983,AU
CUST002984,IN
CUST002985,US
CUST002986,CA
CUST002987,UK
CUST002988,AU
CUST002989,IN
CUST002990,US
CUST002991,CA
CUST002992,UK
CUST002993,AU
CUST002994,IN
CUST002995,US
CUST002996,CA
CUST002997,UK
CUST002998,AU
CUST002999,IN
CUST003000,US
CUST003001,CA
CUST003002,UK
CUST003003,AU
CUST003004,IN
CUST003005,US
CUST003006,CA
CUST003007,UK
CUST003008,AU
CUST003009,IN
CUST003010,US
CUST003011,CA
CUST003012,UK
CUST003013,AU
CUST003014,IN
CUST003015,US
CUST003016,CA
CUST003017,UK
CUST003018,AU
CUST003019,IN
CUST003020,US
CUST003021,CA
CUST003022,UK
CUST003023,AU
CUST003024,IN
CUST003025,US
CUST003026,CA
CUST003027,UK
CUST003028,AU
CUST003029,IN
CUST003030,US
CUST003031,CA
CUST003032,UK
CUST003033,AU
CUST003034,IN
CUST003035,US
CUST003036,CA
CUST003037,UK
CUST003038,AU
CUST003039,IN
CUST003040,US
CUST003041,CA
CUST003042,UK
CUST003043,AU
CUST003044,IN
CUST003045,US
CUST003046,CA
CUST003047,UK
CUST003048,AU
CUST003049,IN
CUST003050,US
CUST003051,CA
CUST003052,UK
CUST003053,AU
CUST003054,IN
CUST003055,US
CUST003056,CA
CUST003057,UK
CUST003058,AU
CUST003059,IN
CUST003060,US
CUST003061,CA
CUST003062,UK
CUST003063,AU
CUST003064,IN
CUST003065,US
CUST003066,CA
CUST003067,UK
CUST003068,AU
CUST003069,IN
CUST003070,US
CUST003071,CA
CUST003072,UK
CUST003073,AU
CUST003074,IN
CUST003075,US
CUST003076,CA
CUST003077,UK
CUST003078,AU
CUST003079,IN
CUST003080,US
CUST003081,CA
CUST003082,UK
CUST003083,AU
CUST003084,IN
CUST003085,US
CUST003086,CA
CUST003087,UK
CUST003088,AU
CUST003089,IN
CUST003090,US
CUST003091,CA
CUST003092,UK
CUST003093,AU
CUST003094,IN
CUST003095,US
CUST003096,CA
CUST003097,UK
CUST003098,AU
CUST003099,IN
CUST003100,US
CUST003101,CA
CUST003102,UK
CUST003103,AU
CUST003104,IN
CUST003105,US
CUST003106,CA
CUST003107,UK
CUST003108,AU
CUST003109,IN
CUST003110,US
CUST003111,CA
CUST003112,UK
CUST003113,AU
CUST003114,IN
CUST003115,US
CUST003116,CA
CUST003117,UK
CUST003118,AU
CUST003119,IN
CUST003120,US
CUST003121,CA
CUST003122,UK
CUST003123,AU
CUST003124,IN
CUST003125,US
CUST003126,CA
CUST003127,UK
CUST003128,AU
CUST003129,IN
CUST003130,US
CUST003131,CA
CUST003132,UK
CUST003133,AU
CUST003134,IN
CUST003135,US
CUST003136,CA
CUST003137,UK
CUST003138,AU
CUST003139,IN
CUST003140,US
CUST003141,CA
CUST003142,UK
CUST003143,AU
CUST003144,IN
CUST003145,US
CUST003146,CA
CUST003147,UK
CUST003148,AU
CUST003149,IN
CUST003150,US
CUST003151,CA
CUST003152,UK
CUST003153,AU
CUST003154,IN
CUST003155,US
CUST003156,CA
CUST003157,UK
CUST003158,AU
CUST003159,IN
CUST003160,US
CUST003161,CA
CUST003162,UK
CUST003163,AU
CUST003164,IN
CUST003165,US
CUST003166,CA
CUST003167,UK
CUST003168,AU
CUST003169,IN
CUST003170,US
CUST003171,CA
CUST003172,UK
CUST003173,AU
CUST003174,IN
CUST003175,US
CUST003176,CA
CUST003177,UK
CUST003178,AU
CUST003179,IN
CUST003180,US
CUST003181,CA
CUST003182,UK
CUST003183,AU
CUST003184,IN
CUST003185,US
CUST003186,CA
CUST003187,UK
CUST003188,AU
CUST003189,IN
CUST003190,US
CUST003191,CA
CUST003192,UK
CUST003193,AU
CUST003194,IN
CUST003195,US
CUST003196,CA
CUST003197,UK
CUST003198,AU
CUST003199,IN
CUST003200,US
CUST003201,CA
CUST003202,UK
CUST003203,AU
CUST003204,IN
CUST003205,US
CUST003206,CA
CUST003207,UK
CUST003208,AU
CUST003209,IN
CUST003210,US
CUST003211,CA
CUST003212,UK
CUST003213,AU
CUST003214,IN
CUST003215,US
CUST003216,CA
CUST003217,UK
CUST003218,AU
CUST003219,IN
CUST003220,US
CUST003221,CA
CUST003222,UK
CUST003223,AU
CUST003224,IN
CUST003225,US
CUST003226,CA
CUST003227,UK
CUST003228,AU
CUST003229,IN
CUST003230,US
CUST003231,CA
CUST003232,UK
CUST003233,AU
CUST003234,IN
CUST003235,US
CUST003236,CA
CUST003237,UK
CUST003238,AU
CUST003239,IN
CUST003240,US
CUST003241,CA
CUST003242,UK
CUST003243,AU
CUST003244,IN
CUST003245,US
CUST003246,CA
CUST003247,UK
CUST003248,AU
CUST003249,IN
CUST003250,US
CUST003251,CA
CUST003252,UK
CUST003253,AU
CUST003254,IN
CUST003255,US
CUST003256,CA
CUST003257,UK
CUST003258,AU
CUST003259,IN
CUST003260,US
CUST003261,CA
CUST003262,UK
CUST003263,AU
CUST003264,IN
CUST003265,US
CUST003266,CA
CUST003267,UK
CUST003268,AU
CUST003269,IN
CUST003270,US
CUST003271,CA
CUST003272,UK
CUST003273,AU
CUST003274,IN
CUST003275,US
CUST003276,CA
CUST003277,UK
CUST003278,AU
CUST003279,IN
CUST003280,US
CUST003281,CA
CUST003282,UK
CUST003283,AU
CUST003284,IN
CUST003285,US
CUST003286,CA
CUST003287,UK
CUST003288,AU
CUST003289,IN
CUST003290,US
CUST003291,CA
CUST003292,UK
CUST003293,AU
CUST003294,IN
CUST003295,US
CUST003296,CA
CUST003297,UK
CUST003298,AU
CUST003299,IN
CUST003300,US
CUST003301,CA
CUST003302,UK
CUST003303,AU
CUST003304,IN
CUST003305,US
CUST003306,CA
CUST003307,UK
CUST003308,AU
CUST003309,IN
CUST003310,US
CUST003311,CA
CUST003312,UK
CUST003313,AU
CUST003314,IN
CUST003315,US
CUST003316,CA
CUST003317,UK
CUST003318,AU
CUST003319,IN
CUST003320,US
CUST003321,CA
CUST003322,UK
CUST003323,AU
CUST003324,IN
CUST003325,US
CUST003326,CA
CUST003327,UK
CUST003328,AU
CUST003329,IN
CUST003330,US
CUST003331,CA
CUST003332,UK
CUST003333,AU
CUST003334,IN
CUST003335,US
CUST003336,CA
CUST003337,UK
CUST003338,AU
CUST003339,IN
CUST003340,US
CUST003341,CA
CUST003342,UK
CUST003343,AU
CUST003344,IN
CUST003345,US
CUST003346,CA
CUST003347,UK
CUST003348,AU
CUST003349,IN
CUST003350,US
CUST003351,CA
CUST003352,UK
CUST003353,AU
CUST003354,IN
CUST003355,US
CUST003356,CA
CUST003357,UK
CUST003358,AU
CUST003359,IN
CUST003360,US
CUST003361,CA
CUST003362,UK
CUST003363,AU
CUST003364,IN
CUST003365,US
CUST003366,CA
CUST003367,UK
CUST003368,AU
CUST003369,IN
CUST003370,US
CUST003371,CA
CUST003372,UK
CUST003373,AU
CUST003374,IN
CUST003375,US
CUST003376,CA
CUST003377,UK
CUST003378,AU
CUST003379,IN
CUST003380,US
CUST003381,CA
CUST003382,UK
CUST003383,AU
CUST003384,IN
CUST003385,US
CUST003386,CA
CUST003387,UK
CUST003388,AU
CUST003389,IN
CUST003390,US
CUST003391,CA
CUST003392,UK
CUST003393,AU
CUST003394,IN
CUST003395,US
CUST003396,CA
CUST003397,UK
CUST003398,AU
CUST003399,IN
CUST003400,US
CUST003401,CA
CUST003402,UK
CUST003403,AU
CUST003404,IN
CUST003405,US
CUST003406,CA
CUST003407,UK
CUST003408,AU
CUST003409,IN
CUST003410,US
CUST003411,CA
CUST003412,UK
CUST003413,AU
CUST003414,IN
CUST003415,US
CUST003416,CA
CUST003417,UK
CUST003418,AU
CUST003419,IN
CUST003420,US
CUST003421,CA
CUST003422,UK
CUST003423,AU
CUST003424,IN
CUST003425,US
CUST003426,CA
CUST003427,UK
CUST003428,AU
CUST003429,IN
CUST003430,US
CUST003431,CA
CUST003432,UK
CUST003433,AU
CUST003434,IN
CUST003435,US
CUST003436,CA
CUST003437,UK
CUST003438,AU
CUST003439,IN
CUST003440,US
CUST003441,CA
CUST003442,UK
CUST003443,AU
CUST003444,IN
CUST003445,US
CUST003446,CA
CUST003447,UK
CUST003448,AU
CUST003449,IN
CUST003450,US
CUST003451,CA
CUST003452,UK
CUST003453,AU
CUST003454,IN
CUST003455,US
CUST003456,CA
CUST003457,UK
CUST003458,AU
CUST003459,IN
CUST003460,US
CUST003461,CA
CUST003462,UK
CUST003463,AU
CUST003464,IN
CUST003465,US
CUST003466,CA
CUST003467,UK
CUST003468,AU
CUST003469,IN
CUST003470,US
CUST003471,CA
CUST003472,UK
CUST003473,AU
CUST003474,IN
CUST003475,US
CUST003476,CA
CUST003477,UK
CUST003478,AU
CUST003479,IN
CUST003480,US
CUST003481,CA
CUST003482,UK
CUST003483,AU
CUST003484,IN
CUST003485,US
CUST003486,CA
CUST003487,UK
CUST003488,AU
CUST003489,IN
CUST003490,US
CUST003491,CA
CUST003492,UK
CUST003493,AU
CUST003494,IN
CUST003495,US
CUST003496,CA
CUST003497,UK
CUST003498,AU
CUST003499,IN
CUST003500,US
CUST003501,CA
CUST003502,UK
CUST003503,AU
CUST003504,IN
CUST003505,US
CUST003506,CA
CUST003507,UK
CUST003508,AU
CUST003509,IN
CUST003510,US
CUST003511,CA
CUST003512,UK
CUST003513,AU
CUST003514,IN
CUST003515,US
CUST003516,CA
CUST003517,UK
CUST003518,AU
CUST003519,IN
CUST003520,US
CUST003521,CA
CUST003522,UK
CUST003523,AU
CUST003524,IN
CUST003525,US
CUST003526,CA
CUST003527,UK
CUST003528,AU
CUST003529,IN
CUST003530,US
CUST003531,CA
CUST003532,UK
CUST003533,AU
CUST003534,IN
CUST003535,US
CUST003536,CA
CUST003537,UK
CUST003538,AU
CUST003539,IN
CUST003540,US
CUST003541,CA
CUST003542,UK
CUST003543,AU
CUST003544,IN
CUST003545,US
CUST003546,CA
CUST003547,UK
CUST003548,AU
CUST003549,IN
CUST003550,US
CUST003551,CA
CUST003552,UK
CUST003553,AU
CUST003554,IN
CUST003555,US
CUST003556,CA
CUST003557,UK
CUST003558,AU
CUST003559,IN
CUST003560,US
CUST003561,CA
CUST003562,UK
CUST003563,AU
CUST003564,IN
CUST003565,US
CUST003566,CA
CUST003567,UK
CUST003568,AU
CUST003569,IN
CUST003570,US
CUST003571,CA
CUST003572,UK
CUST003573,AU
CUST003574,IN
CUST003575,US
CUST003576,CA
CUST003577,UK
CUST003578,AU
CUST003579,IN
CUST003580,US
CUST003581,CA
CUST003582,UK
CUST003583,AU
CUST003584,IN
CUST003585,US
CUST003586,CA
CUST003587,UK
CUST003588,AU
CUST003589,IN
CUST003590,US
CUST003591,CA
CUST003592,UK
CUST003593,AU
CUST003594,IN
CUST003595,US
CUST003596,CA
CUST003597,UK
CUST003598,AU
CUST003599,IN
CUST003600,US
CUST003601,CA
CUST003602,UK
CUST003603,AU
CUST003604,IN
CUST003605,US
CUST003606,CA
CUST003607,UK
CUST003608,AU
CUST003609,IN
CUST003610,US
CUST003611,CA
CUST003612,UK
CUST003613,AU
CUST003614,IN
CUST003615,US
CUST003616,CA
CUST003617,UK
CUST003618,AU
CUST003619,IN
CUST003620,US
CUST003621,CA
CUST003622,UK
CUST003623,AU
CUST003624,IN
CUST003625,US
CUST003626,CA
CUST003627,UK
CUST003628,AU
CUST003629,IN
CUST003630,US
CUST003631,CA
CUST003632,UK
CUST003633,AU
CUST003634,IN
CUST003635,US
CUST003636,CA
CUST003637,UK
CUST003638,AU
CUST003639,IN
CUST003640,US
CUST003641,CA
CUST003642,UK
CUST003643,AU
CUST003644,IN
CUST003645,US
CUST003646,CA
CUST003647,UK
CUST003648,AU
CUST003649,IN
CUST003650,US
CUST003651,CA
CUST003652,UK
CUST003653,AU
CUST003654,IN
CUST003655,US
CUST003656,CA
CUST003657,UK
CUST003658,AU
CUST003659,IN
CUST003660,US
CUST003661,CA
CUST003662,UK
CUST003663,AU
CUST003664,IN
CUST003665,US
CUST003666,CA
CUST003667,UK
CUST003668,AU
CUST003669,IN
CUST003670,US
CUST003671,CA
CUST003672,UK
CUST003673,AU
CUST003674,IN
CUST003675,US
CUST003676,CA
CUST003677,UK
CUST003678,AU
CUST003679,IN
CUST003680,US
CUST003681,CA
CUST003682,UK
CUST003683,AU
CUST003684,IN
CUST003685,US
CUST003686,CA
CUST003687,UK
CUST003688,AU
CUST003689,IN
CUST003690,US
CUST003691,CA
CUST003692,UK
CUST003693,AU
CUST003694,IN
CUST003695,US
CUST003696,CA
CUST003697,UK
CUST003698,AU
CUST003699,IN
CUST003700,US
CUST003701,CA
CUST003702,UK
CUST003703,AU
CUST003704,IN
CUST003705,US
CUST003706,CA
CUST003707,UK
CUST003708,AU
CUST003709,IN
CUST003710,US
CUST003711,CA
CUST003712,UK
CUST003713,AU
CUST003714,IN
CUST003715,US
CUST003716,CA
CUST003717,UK
CUST003718,AU
CUST003719,IN
CUST003720,US
CUST003721,CA
CUST003722,UK
CUST003723,AU
CUST003724,IN
CUST003725,US
CUST003726,CA
CUST003727,UK
CUST003728,AU
CUST003729,IN
CUST003730,US
CUST003731,CA
CUST003732,UK
CUST003733,AU
CUST003734,IN
CUST003735,US
CUST003736,CA
CUST003737,UK
CUST003738,AU
CUST003739,IN
CUST003740,US
CUST003741,CA
CUST003742,UK
CUST003743,AU
CUST003744,IN
CUST003745,US
CUST003746,CA
CUST003747,UK
CUST003748,AU
CUST003749,IN
CUST003750,US
CUST003751,CA
CUST003752,UK
CUST003753,AU
CUST003754,IN
CUST003755,US
CUST003756,CA
CUST003757,UK
CUST003758,AU
CUST003759,IN
CUST003760,US
CUST003761,CA
CUST003762,UK
CUST003763,AU
CUST003764,IN
CUST003765,US
CUST003766,CA
CUST003767,UK
CUST003768,AU
CUST003769,IN
CUST003770,US
CUST003771,CA
CUST003772,UK
CUST003773,AU
CUST003774,IN
CUST003775,US
CUST003776,CA
CUST003777,UK
CUST003778,AU
CUST003779,IN
CUST003780,US
CUST003781,CA
CUST003782,UK
CUST003783,AU
CUST003784,IN
CUST003785,US
CUST003786,CA
CUST003787,UK
CUST003788,AU
CUST003789,IN
CUST003790,US
CUST003791,CA
CUST003792,UK
CUST003793,AU
CUST003794,IN
CUST003795,US
CUST003796,CA
CUST003797,UK
CUST003798,AU
CUST003799,IN
CUST003800,US
CUST003801,CA
CUST003802,UK
CUST003803,AU
CUST003804,IN
CUST003805,US
CUST003806,CA
CUST003807,UK
CUST003808,AU
CUST003809,IN
CUST003810,US
CUST003811,CA
CUST003812,UK
CUST003813,AU
CUST003814,IN
CUST003815,US
CUST003816,CA
CUST003817,UK
CUST003818,AU
CUST003819,IN
CUST003820,US
CUST003821,CA
CUST003822,UK
CUST003823,AU
CUST003824,IN
CUST003825,US
CUST003826,CA
CUST003827,UK
CUST003828,AU
CUST003829,IN
CUST003830,US
CUST003831,CA
CUST003832,UK
CUST003833,AU
CUST003834,IN
CUST003835,US
CUST003836,CA
CUST003837,UK
CUST003838,AU
CUST003839,IN
CUST003840,US
CUST003841,CA
CUST003842,UK
CUST003843,AU
CUST003844,IN
CUST003845,US
CUST003846,CA
CUST003847,UK
CUST003848,AU
CUST003849,IN
CUST003850,US
CUST003851,CA
CUST003852,UK
CUST003853,AU
CUST003854,IN
CUST003855,US
CUST003856,CA
CUST003857,UK
CUST003858,AU
CUST003859,IN
CUST003860,US
CUST003861,CA
CUST003862,UK
CUST003863,AU
CUST003864,IN
CUST003865,US
CUST003866,CA
CUST003867,UK
CUST003868,AU
CUST003869,IN
CUST003870,US
CUST003871,CA
CUST003872,UK
CUST003873,AU
CUST003874,IN
CUST003875,US
CUST003876,CA
CUST003877,UK
CUST003878,AU
CUST003879,IN
CUST003880,US
CUST003881,CA
CUST003882,UK
CUST003883,AU
CUST003884,IN
CUST003885,US
CUST003886,CA
CUST003887,UK
CUST003888,AU
CUST003889,IN
CUST003890,US
CUST003891,CA
CUST003892,UK
CUST003893,AU
CUST003894,IN
CUST003895,US
CUST003896,CA
CUST003897,UK
CUST003898,AU
CUST003899,IN
CUST003900,US
CUST003901,CA
CUST003902,UK
CUST003903,AU
CUST003904,IN
CUST003905,US
CUST003906,CA
CUST003907,UK
CUST003908,AU
CUST003909,IN
CUST003910,US
CUST003911,CA
CUST003912,UK
CUST003913,AU
CUST003914,IN
CUST003915,US
CUST003916,CA
CUST003917,UK
CUST003918,AU
CUST003919,IN
CUST003920,US
CUST003921,CA
CUST003922,UK
CUST003923,AU
CUST003924,IN
CUST003925,US
CUST003926,CA
CUST003927,UK
CUST003928,AU
CUST003929,IN
CUST003930,US
CUST003931,CA
CUST003932,UK
CUST003933,AU
CUST003934,IN
CUST003935,US
CUST003936,CA
CUST003937,UK
CUST003938,AU
CUST003939,IN
CUST003940,US
CUST003941,CA
CUST003942,UK
CUST003943,AU
CUST003944,IN
CUST003945,US
CUST003946,CA
CUST003947,UK
CUST003948,AU
CUST003949,IN
CUST003950,US
CUST003951,CA
CUST003952,UK
CUST003953,AU
CUST003954,IN
CUST003955,US
CUST003956,CA
CUST003957,UK
CUST003958,AU
CUST003959,IN
CUST003960,US
CUST003961,CA
CUST003962,UK
CUST003963,AU
CUST003964,IN
CUST003965,US
CUST003966,CA
CUST003967,UK
CUST003968,AU
CUST003969,IN
CUST003970,US
CUST003971,CA
CUST003972,UK
CUST003973,AU
CUST003974,IN
CUST003975,US
CUST003976,CA
CUST003977,UK
CUST003978,AU
CUST003979,IN
CUST003980,US
CUST003981,CA
CUST003982,UK
CUST003983,AU
CUST003984,IN
CUST003985,US
CUST003986,CA
CUST003987,UK
CUST003988,AU
CUST003989,IN
CUST003990,US
CUST003991,CA
CUST003992,UK
CUST003993,AU
CUST003994,IN
CUST003995,US
CUST003996,CA
CUST003997,UK
CUST003998,AU
CUST003999,IN
CUST004000,US
CUST004001,CA
CUST004002,UK
CUST004003,AU
CUST004004,IN
CUST004005,US
CUST004006,CA
CUST004007,UK
CUST004008,AU
CUST004009,IN
CUST004010,US
CUST004011,CA
CUST004012,UK
CUST004013,AU
CUST004014,IN
CUST004015,US
CUST004016,CA
CUST004017,UK
CUST004018,AU
CUST004019,IN
CUST004020,US
CUST004021,CA
CUST004022,UK
CUST004023,AU
CUST004024,IN
CUST004025,US
CUST004026,CA
CUST004027,UK
CUST004028,AU
CUST004029,IN
CUST004030,US
CUST004031,CA
CUST004032,UK
CUST004033,AU
CUST004034,IN
CUST004035,US
CUST004036,CA
CUST004037,UK
CUST004038,AU
CUST004039,IN
CUST004040,US
CUST004041,CA
CUST004042,UK
CUST004043,AU
CUST004044,IN
CUST004045,US
CUST004046,CA
CUST004047,UK
CUST004048,AU
CUST004049,IN
CUST004050,US
CUST004051,CA
CUST004052,UK
CUST004053,AU
CUST004054,IN
CUST004055,US
CUST004056,CA
CUST004057,UK
CUST004058,AU
CUST004059,IN
CUST004060,US
CUST004061,CA
CUST004062,UK
CUST004063,AU
CUST004064,IN
CUST004065,US
CUST004066,CA
CUST004067,UK
CUST004068,AU
CUST004069,IN
CUST004070,US
CUST004071,CA
CUST004072,UK
CUST004073,AU
CUST004074,IN
CUST004075,US
CUST004076,CA
CUST004077,UK
CUST004078,AU
CUST004079,IN
CUST004080,US
CUST004081,CA
CUST004082,UK
CUST004083,AU
CUST004084,IN
CUST004085,US
CUST004086,CA
CUST004087,UK
CUST004088,AU
CUST004089,IN
CUST004090,US
CUST004091,CA
CUST004092,UK
CUST004093,AU
CUST004094,IN
CUST004095,US
CUST004096,CA
CUST004097,UK
CUST004098,AU
CUST004099,IN
CUST004100,US
CUST004101,CA
CUST004102,UK
CUST004103,AU
CUST004104,IN
CUST004105,US
CUST004106,CA
CUST004107,UK
CUST004108,AU
CUST004109,IN
CUST004110,US
CUST004111,CA
CUST004112,UK
CUST004113,AU
CUST004114,IN
CUST004115,US
CUST004116,CA
CUST004117,UK
CUST004118,AU
CUST004119,IN
CUST004120,US
CUST004121,CA
CUST004122,UK
CUST004123,AU
CUST004124,IN
CUST004125,US
CUST004126,CA
CUST004127,UK
CUST004128,AU
CUST004129,IN
CUST004130,US
CUST004131,CA
CUST004132,UK
CUST004133,AU
CUST004134,IN
CUST004135,US
CUST004136,CA
CUST004137,UK
CUST004138,AU
CUST004139,IN
CUST004140,US
CUST004141,CA
CUST004142,UK
CUST004143,AU
CUST004144,IN
CUST004145,US
CUST004146,CA
CUST004147,UK
CUST004148,AU
CUST004149,IN
CUST004150,US
CUST004151,CA
CUST004152,UK
CUST004153,AU
CUST004154,IN
CUST004155,US
CUST004156,CA
CUST004157,UK
CUST004158,AU
CUST004159,IN
CUST004160,US
CUST004161,CA
CUST004162,UK
CUST004163,AU
CUST004164,IN
CUST004165,US
CUST004166,CA
CUST004167,UK
CUST004168,AU
CUST004169,IN
CUST004170,US
CUST004171,CA
CUST004172,UK
CUST004173,AU
CUST004174,IN
CUST004175,US
CUST004176,CA
CUST004177,UK
CUST004178,AU
CUST004179,IN
CUST004180,US
CUST004181,CA
CUST004182,UK
CUST004183,AU
CUST004184,IN
CUST004185,US
CUST004186,CA
CUST004187,UK
CUST004188,AU
CUST004189,IN
CUST004190,US
CUST004191,CA
CUST004192,UK
CUST004193,AU
CUST004194,IN
CUST004195,US
CUST004196,CA
CUST004197,UK
CUST004198,AU
CUST004199,IN
CUST004200,US
CUST004201,CA
CUST004202,UK
CUST004203,AU
CUST004204,IN
CUST004205,US
CUST004206,CA
CUST004207,UK
CUST004208,AU
CUST004209,IN
CUST004210,US
CUST004211,CA
CUST004212,UK
CUST004213,AU
CUST004214,IN
CUST004215,US
CUST004216,CA
CUST004217,UK
CUST004218,AU
CUST004219,IN
CUST004220,US
CUST004221,CA
CUST004222,UK
CUST004223,AU
CUST004224,IN
CUST004225,US
CUST004226,CA
CUST004227,UK
CUST004228,AU
CUST004229,IN
CUST004230,US
CUST004231,CA
CUST004232,UK
CUST004233,AU
CUST004234,IN
CUST004235,US
CUST004236,CA
CUST004237,UK
CUST004238,AU
CUST004239,IN
CUST004240,US
CUST004241,CA
CUST004242,UK
CUST004243,AU
CUST004244,IN
CUST004245,US
CUST004246,CA
CUST004247,UK
CUST004248,AU
CUST004249,IN
CUST004250,US
CUST004251,CA
CUST004252,UK
CUST004253,AU
CUST004254,IN
CUST004255,US
CUST004256,CA
CUST004257,UK
CUST004258,AU
CUST004259,IN
CUST004260,US
CUST004261,CA
CUST004262,UK
CUST004263,AU
CUST004264,IN
CUST004265,US
CUST004266,CA
CUST004267,UK
CUST004268,AU
CUST004269,IN
CUST004270,US
CUST004271,CA
CUST004272,UK
CUST004273,AU
CUST004274,IN
CUST004275,US
CUST004276,CA
CUST004277,UK
CUST004278,AU
CUST004279,IN
CUST004280,US
CUST004281,CA
CUST004282,UK
CUST004283,AU
CUST004284,IN
CUST004285,US
CUST004286,CA
CUST004287,UK
CUST004288,AU
CUST004289,IN
CUST004290,US
CUST004291,CA
CUST004292,UK
CUST004293,AU
CUST004294,IN
CUST004295,US
CUST004296,CA
CUST004297,UK
CUST004298,AU
CUST004299,IN
CUST004300,US
CUST004301,CA
CUST004302,UK
CUST004303,AU
CUST004304,IN
CUST004305,US
CUST004306,CA
CUST004307,UK
CUST004308,AU
CUST004309,IN
CUST004310,US
CUST004311,CA
CUST004312,UK
CUST004313,AU
CUST004314,IN
CUST004315,US
CUST004316,CA
CUST004317,UK
CUST004318,AU
CUST004319,IN
CUST004320,US
CUST004321,CA
CUST004322,UK
CUST004323,AU
CUST004324,IN
CUST004325,US
CUST004326,CA
CUST004327,UK
CUST004328,AU
CUST004329,IN
CUST004330,US
CUST004331,CA
CUST004332,UK
CUST004333,AU
CUST004334,IN
CUST004335,US
CUST004336,CA
CUST004337,UK
CUST004338,AU
CUST004339,IN
CUST004340,US
CUST004341,CA
CUST004342,UK
CUST004343,AU
CUST004344,IN
CUST004345,US
CUST004346,CA
CUST004347,UK
CUST004348,AU
CUST004349,IN
CUST004350,US
CUST004351,CA
CUST004352,UK
CUST004353,AU
CUST004354,IN
CUST004355,US
CUST004356,CA
CUST004357,UK
CUST004358,AU
CUST004359,IN
CUST004360,US
CUST004361,CA
CUST004362,UK
CUST004363,AU
CUST004364,IN
CUST004365,US
CUST004366,CA
CUST004367,UK
CUST004368,AU
CUST004369,IN
CUST004370,US
CUST004371,CA
CUST004372,UK
CUST004373,AU
CUST004374,IN
CUST004375,US
CUST004376,CA
CUST004377,UK
CUST004378,AU
CUST004379,IN
CUST004380,US
CUST004381,CA
CUST004382,UK
CUST004383,AU
CUST004384,IN
CUST004385,US
CUST004386,CA
CUST004387,UK
CUST004388,AU
CUST004389,IN
CUST004390,US
CUST004391,CA
CUST004392,UK
CUST004393,AU
CUST004394,IN
CUST004395,US
CUST004396,CA
CUST004397,UK
CUST004398,AU
CUST004399,IN
CUST004400,US
CUST004401,CA
CUST004402,UK
CUST004403,AU
CUST004404,IN
CUST004405,US
CUST004406,CA
CUST004407,UK
CUST004408,AU
CUST004409,IN
CUST004410,US
CUST004411,CA
CUST004412,UK
CUST004413,AU
CUST004414,IN
CUST004415,US
CUST004416,CA
CUST004417,UK
CUST004418,AU
CUST004419,IN
CUST004420,US
CUST004421,CA
CUST004422,UK
CUST004423,AU
CUST004424,IN
CUST004425,US
CUST004426,CA
CUST004427,UK
CUST004428,AU
CUST004429,IN
CUST004430,US
CUST004431,CA
CUST004432,UK
CUST004433,AU
CUST004434,IN
CUST004435,US
CUST004436,CA
CUST004437,UK
CUST004438,AU
CUST004439,IN
CUST004440,US
CUST004441,CA
CUST004442,UK
CUST004443,AU
CUST004444,IN
CUST004445,US
CUST004446,CA
CUST004447,UK
CUST004448,AU
CUST004449,IN
CUST004450,US
CUST004451,CA
CUST004452,UK
CUST004453,AU
CUST004454,IN
CUST004455,US
CUST004456,CA
CUST004457,UK
CUST004458,AU
CUST004459,IN
CUST004460,US
CUST004461,CA
CUST004462,UK
CUST004463,AU
CUST004464,IN
CUST004465,US
CUST004466,CA
CUST004467,UK
CUST004468,AU
CUST004469,IN
CUST004470,US
CUST004471,CA
CUST004472,UK
CUST004473,AU
CUST004474,IN
CUST004475,US
CUST004476,CA
CUST004477,UK
CUST004478,AU
CUST004479,IN
CUST004480,US
CUST004481,CA
CUST004482,UK
CUST004483,AU
CUST004484,IN
CUST004485,US
CUST004486,CA
CUST004487,UK
CUST004488,AU
CUST004489,IN
CUST004490,US
CUST004491,CA
CUST004492,UK
CUST004493,AU
CUST004494,IN
CUST004495,US
CUST004496,CA
CUST004497,UK
CUST004498,AU
CUST004499,IN
CUST004500,US
CUST004501,CA
CUST004502,UK
CUST004503,AU
CUST004504,IN
CUST004505,US
CUST004506,CA
CUST004507,UK
CUST004508,AU
CUST004509,IN
CUST004510,US
CUST004511,CA
CUST004512,UK
CUST004513,AU
CUST004514,IN
CUST004515,US
CUST004516,CA
CUST004517,UK
CUST004518,AU
CUST004519,IN
CUST004520,US
CUST004521,CA
CUST004522,UK
CUST004523,AU
CUST004524,IN
CUST004525,US
CUST004526,CA
CUST004527,UK
CUST004528,AU
CUST004529,IN
CUST004530,US
CUST004531,CA
CUST004532,UK
CUST004533,AU
CUST004534,IN
CUST004535,US
CUST004536,CA
CUST004537,UK
CUST004538,AU
CUST004539,IN
CUST004540,US
CUST004541,CA
CUST004542,UK
CUST004543,AU
CUST004544,IN
CUST004545,US
CUST004546,CA
CUST004547,UK
CUST004548,AU
CUST004549,IN
CUST004550,US
CUST004551,CA
CUST004552,UK
CUST004553,AU
CUST004554,IN
CUST004555,US
CUST004556,CA
CUST004557,UK
CUST004558,AU
CUST004559,IN
CUST004560,US
CUST004561,CA
CUST004562,UK
CUST004563,AU
CUST004564,IN
CUST004565,US
CUST004566,CA
CUST004567,UK
CUST004568,AU
CUST004569,IN
CUST004570,US
CUST004571,CA
CUST004572,UK
CUST004573,AU
CUST004574,IN
CUST004575,US
CUST004576,CA
CUST004577,UK
CUST004578,AU
CUST004579,IN
CUST004580,US
CUST004581,CA
CUST004582,UK
CUST004583,AU
CUST004584,IN
CUST004585,US
CUST004586,CA
CUST004587,UK
CUST004588,AU
CUST004589,IN
CUST004590,US
CUST004591,CA
CUST004592,UK
CUST004593,AU
CUST004594,IN
CUST004595,US
CUST004596,CA
CUST004597,UK
CUST004598,AU
CUST004599,IN
CUST004600,US
CUST004601,CA
CUST004602,UK
CUST004603,AU
CUST004604,IN
CUST004605,US
CUST004606,CA
CUST004607,UK
CUST004608,AU
CUST004609,IN
CUST004610,US
CUST004611,CA
CUST004612,UK
CUST004613,AU
CUST004614,IN
CUST004615,US
CUST004616,CA
CUST004617,UK
CUST004618,AU
CUST004619,IN
CUST004620,US
CUST004621,CA
CUST004622,UK
CUST004623,AU
CUST004624,IN
CUST004625,US
CUST004626,CA
CUST004627,UK
CUST004628,AU
CUST004629,IN
CUST004630,US
CUST004631,CA
CUST004632,UK
CUST004633,AU
CUST004634,IN
CUST004635,US
CUST004636,CA
CUST004637,UK
CUST004638,AU
CUST004639,IN
CUST004640,US
CUST004641,CA
CUST004642,UK
CUST004643,AU
CUST004644,IN
CUST004645,US
CUST004646,CA
CUST004647,UK
CUST004648,AU
CUST004649,IN
CUST004650,US
CUST004651,CA
CUST004652,UK
CUST004653,AU
CUST004654,IN
CUST004655,US
CUST004656,CA
CUST004657,UK
CUST004658,AU
CUST004659,IN
CUST004660,US
CUST004661,CA
CUST004662,UK
CUST004663,AU
CUST004664,IN
CUST004665,US
CUST004666,CA
CUST004667,UK
CUST004668,AU
CUST004669,IN
CUST004670,US
CUST004671,CA
CUST004672,UK
CUST004673,AU
CUST004674,IN
CUST004675,US
CUST004676,CA
CUST004677,UK
CUST004678,AU
CUST004679,IN
CUST004680,US
CUST004681,CA
CUST004682,UK
CUST004683,AU
CUST004684,IN
CUST004685,US
CUST004686,CA
CUST004687,UK
CUST004688,AU
CUST004689,IN
CUST004690,US
CUST004691,CA
CUST004692,UK
CUST004693,AU
CUST004694,IN
CUST004695,US
CUST004696,CA
CUST004697,UK
CUST004698,AU
CUST004699,IN
CUST004700,US
CUST004701,CA
CUST004702,UK
CUST004703,AU
CUST004704,IN
CUST004705,US
CUST004706,CA
CUST004707,UK
CUST004708,AU
CUST004709,IN
CUST004710,US
CUST004711,CA
CUST004712,UK
CUST004713,AU
CUST004714,IN
CUST004715,US
CUST004716,CA
CUST004717,UK
CUST004718,AU
CUST004719,IN
CUST004720,US
CUST004721,CA
CUST004722,UK
CUST004723,AU
CUST004724,IN
CUST004725,US
CUST004726,CA
CUST004727,UK
CUST004728,AU
CUST004729,IN
CUST004730,US
CUST004731,CA
CUST004732,UK
CUST004733,AU
CUST004734,IN
CUST004735,US
CUST004736,CA
CUST004737,UK
CUST004738,AU
CUST004739,IN
CUST004740,US
CUST004741,CA
CUST004742,UK
CUST004743,AU
CUST004744,IN
CUST004745,US
CUST004746,CA
CUST004747,UK
CUST004748,AU
CUST004749,IN
CUST004750,US
CUST004751,CA
CUST004752,UK
CUST004753,AU
CUST004754,IN
CUST004755,US
CUST004756,CA
CUST004757,UK
CUST004758,AU
CUST004759,IN
CUST004760,US
CUST004761,CA
CUST004762,UK
CUST004763,AU
CUST004764,IN
CUST004765,US
CUST004766,CA
CUST004767,UK
CUST004768,AU
CUST004769,IN
CUST004770,US
CUST004771,CA
CUST004772,UK
CUST004773,AU
CUST004774,IN
CUST004775,US
CUST004776,CA
CUST004777,UK
CUST004778,AU
CUST004779,IN
CUST004780,US
CUST004781,CA
CUST004782,UK
CUST004783,AU
CUST004784,IN
CUST004785,US
CUST004786,CA
CUST004787,UK
CUST004788,AU
CUST004789,IN
CUST004790,US
CUST004791,CA
CUST004792,UK
CUST004793,AU
CUST004794,IN
CUST004795,US
CUST004796,CA
CUST004797,UK
CUST004798,AU
CUST004799,IN
CUST004800,US
CUST004801,CA
CUST004802,UK
CUST004803,AU
CUST004804,IN
CUST004805,US
CUST004806,CA
CUST004807,UK
CUST004808,AU
CUST004809,IN
CUST004810,US
CUST004811,CA
CUST004812,UK
CUST004813,AU
CUST004814,IN
CUST004815,US
CUST004816,CA
CUST004817,UK
CUST004818,AU
CUST004819,IN
CUST004820,US
CUST004821,CA
CUST004822,UK
CUST004823,AU
CUST004824,IN
CUST004825,US
CUST004826,CA
CUST004827,UK
CUST004828,AU
CUST004829,IN
CUST004830,US
CUST004831,CA
CUST004832,UK
CUST004833,AU
CUST004834,IN
CUST004835,US
CUST004836,CA
CUST004837,UK
CUST004838,AU
CUST004839,IN
CUST004840,US
CUST004841,CA
CUST004842,UK
CUST004843,AU
CUST004844,IN
CUST004845,US
CUST004846,CA
CUST004847,UK
CUST004848,AU
CUST004849,IN
CUST004850,US
CUST004851,CA
CUST004852,UK
CUST004853,AU
CUST004854,IN
CUST004855,US
CUST004856,CA
CUST004857,UK
CUST004858,AU
CUST004859,IN
CUST004860,US
CUST004861,CA
CUST004862,UK
CUST004863,AU
CUST004864,IN
CUST004865,US
CUST004866,CA
CUST004867,UK
CUST004868,AU
CUST004869,IN
CUST004870,US
CUST004871,CA
CUST004872,UK
CUST004873,AU
CUST004874,IN
CUST004875,US
CUST004876,CA
CUST004877,UK
CUST004878,AU
CUST004879,IN
CUST004880,US
CUST004881,CA
CUST004882,UK
CUST004883,AU
CUST004884,IN
CUST004885,US
CUST004886,CA
CUST004887,UK
CUST004888,AU
CUST004889,IN
CUST004890,US
CUST004891,CA
CUST004892,UK
CUST004893,AU
CUST004894,IN
CUST004895,US
CUST004896,CA
CUST004897,UK
CUST004898,AU
CUST004899,IN
CUST004900,US
CUST004901,CA
CUST004902,UK
CUST004903,AU
CUST004904,IN
CUST004905,US
CUST004906,CA
CUST004907,UK
CUST004908,AU
CUST004909,IN
CUST004910,US
CUST004911,CA
CUST004912,UK
CUST004913,AU
CUST004914,IN
CUST004915,US
CUST004916,CA
CUST004917,UK
CUST004918,AU
CUST004919,IN
CUST004920,US
CUST004921,CA
CUST004922,UK
CUST004923,AU
CUST004924,IN
CUST004925,US
CUST004926,CA
CUST004927,UK
CUST004928,AU
CUST004929,IN
CUST004930,US
CUST004931,CA
CUST004932,UK
CUST004933,AU
CUST004934,IN
CUST004935,US
CUST004936,CA
CUST004937,UK
CUST004938,AU
CUST004939,IN
CUST004940,US
CUST004941,CA
CUST004942,UK
CUST004943,AU
CUST004944,IN
CUST004945,US
CUST004946,CA
CUST004947,UK
CUST004948,AU
CUST004949,IN
CUST004950,US
CUST004951,CA
CUST004952,UK
CUST004953,AU
CUST004954,IN
CUST004955,US
CUST004956,CA
CUST004957,UK
CUST004958,AU
CUST004959,IN
CUST004960,US
CUST004961,CA
CUST004962,UK
CUST004963,AU
CUST004964,IN
CUST004965,US
CUST004966,CA
CUST004967,UK
CUST004968,AU
CUST004969,IN
CUST004970,US
CUST004971,CA
CUST004972,UK
CUST004973,AU
CUST004974,IN
CUST004975,US
CUST004976,CA
CUST004977,UK
CUST004978,AU
CUST004979,IN
CUST004980,US
CUST004981,CA
CUST004982,UK
CUST004983,AU
CUST004984,IN
CUST004985,US
CUST004986,CA
CUST004987,UK
CUST004988,AU
CUST004989,IN
CUST004990,US
CUST004991,CA
CUST004992,UK
CUST004993,AU
CUST004994,IN
CUST004995,US
CUST004996,CA
CUST004997,UK
CUST004998,AU
CUST004999,IN
CUST005000,US
